"BindingDB MonomerID","Ligand SMILES","Gbinding Average"
35867,"Clc1ccc(cc1)-c1ncc(nc1-c1ccc(Cl)cc1Cl)C(=O)NN1CCCCC1",6.9431
35868,"Clc1ccc(cc1)-c1nc(cnc1-c1ccc(Cl)cc1Cl)C(=O)NN1CCCCC1",8.0
35869,"O=C(NN1CCCCC1)c1cnc(-c2ccccc2)c(n1)-c1ccccc1",5.9629
35870,"Brc1ccc(cc1)-c1ncc(nc1-c1ccc(Br)cc1)C(=O)NN1CCCCC1",9.0
35872,"COc1ccc(cc1)-c1ncc(nc1-c1ccc(OC)cc1)C(=O)NN1CCCCC1",7.5239
35873,"Clc1ccc(cc1)-c1ncc(nc1-c1ccc(Cl)cc1)C(=O)NN1CCCCC1",8.2439
35874,"Clc1ccccc1-c1ncc(nc1-c1ccccc1Cl)C(=O)NN1CCCCC1",6.6048
35875,"Brc1ccc(cc1)-c1ncc(nc1-c1ccc(Br)cc1)C(=O)NC1CCCCC1",7.9586
35876,"Cc1ccc(cc1)-c1ncc(nc1-c1ccc(C)cc1)C(=O)NC1CCCCC1",7.8861
35877,"COc1ccc(cc1)-c1ncc(nc1-c1ccc(OC)cc1)C(=O)NC1CCCCC1",7.9434
35878,"Clc1ccc(cc1)-c1ncc(nc1-c1ccc(Cl)cc1)C(=O)NC1CCCCC1",7.7506
35879,"Clc1ccccc1-c1ncc(nc1-c1ccccc1Cl)C(=O)NC1CCCCC1",5.8019
35880,"O=C(Nc1ccccc1)c1cnc(-c2ccccc2)c(n1)-c1ccccc1",5.4022
35882,"COc1ccc(cc1)-c1ncc(nc1-c1ccc(OC)cc1)C(=O)Nc1ccccc1",6.7723
35883,"Clc1ccc(cc1)-c1ncc(nc1-c1ccc(Cl)cc1)C(=O)Nc1ccccc1",7.0969
35884,"Clc1ccccc1-c1ncc(nc1-c1ccccc1Cl)C(=O)Nc1ccccc1",6.1175
45519,"Cc1cc(NS(=O)(=O)c2ccc(NC(=O)c3cc(nc4ccccc34)-c3ccc(C)cc3C)cc2)no1",5.0391
50459,"Cc1noc(NS(=O)(=O)c2ccc(NC(=O)c3cc(nc4c(C)cc(C)cc34)-c3ccccn3)cc2)c1C",4.6091
50683,"O=C(Nc1ccc(cc1)S(=O)(=O)Nc1nccs1)c1cc(nc2ccccc12)-c1ccncc1",5.6517
57190,"COc1ccc(-c2n[nH]c(C)c2-c2ccc(Cl)cc2)c(O)c1",6.239
61397,"CCOC(=O)c1cc2c(nc3ccccn3c2=O)n(Cc2ccccc2)c1=N",7.1612
61535,"CC1CCc2c(C1)sc1nc(C)nc(N3CCN(CC3)C(=O)c3ccco3)c21",5.4989
66782,"CN1CCN(CCNC(=O)Nc2ccc(Cl)cc2)CC1",5.45
68300,"CC(C)Oc1ccc(cc1NC(=O)c1cc2CCCCCc2s1)S(=O)(=O)N1CCOCC1",4.5607
68307,"CCN(CC)S(=O)(=O)c1ccc(N2CCCCC2)c(c1)C(=O)N1CCN(CC1)c1ccccc1",5.0287
68308,"CN(C)S(=O)(=O)c1ccc(Cl)c(c1)C(=O)N1CCN(CC1)c1cccc(C)c1C",4.8069
68309,"CCCc1cc(sc1C)C(=O)Nc1cc(ccc1OC)S(=O)(=O)N1CCOCC1",5.1146
68311,"COc1ccc(cc1NC(=O)c1cc2CCCCCc2s1)S(=O)(=O)N1CCOCC1",4.6861
68313,"COc1ccc(cc1NC(=O)c1cc2CCCCCCc2s1)S(=O)(=O)N1CCOCC1",4.7399
68317,"CN(C)S(=O)(=O)c1ccc(N2CCCC2)c(c1)C(=O)N1CCN(CC1)c1cccc(Cl)c1",4.567
68318,"CCOc1ccc(cc1NC(=O)c1ccc(cc1)N1CCCC1=O)S(=O)(=O)N1CCOCC1",5.3028
68322,"COc1ccc(cc1NC(=O)c1ccc(cc1)-n1nc(C)cc1C)S(=O)(=O)N1CCOCC1",4.6925
68323,"CN(C(=O)CSc1nnc2c(C)cc3ccc(C)cc3n12)c1nc(cs1)-c1ccccc1",5.3526
68324,"Cc1cc2cc3OCCOc3cc2n2c(SCC(=O)Nc3nc(cs3)-c3ccccc3)nnc12",4.8962
68326,"Cc1cc2cc3OCOc3cc2n2c(SCC(=O)Nc3nc(cs3)-c3ccccc3)nnc12",4.8013
70185,"Cc1ccc(NC(=O)c2ccc(C)c(c2)S(=O)(=O)N2CCCCC2)nc1",5.5
76032,"Cc1nc(N2CCN(CC2)C(=O)C2CCCCC2)c2c3CCCCc3sc2n1",5.5157
76033,"Cc1nc(N2CCN(CC2)C(=O)NCc2ccccc2)c2c3CCCCc3sc2n1",5.1765
76034,"Cc1cccc(OCC(=O)N2CCN(CC2)c2nc(C)nc3sc4CCCCc4c23)c1",5.7799
76035,"CC1CCc2c(C1)sc1nc(C)nc(N3CCN(CC3)C(=O)c3ccccc3)c21",5.7747
76036,"CC1CCc2c(C1)sc1nc(C)nc(N3CCN(CC3)C(=O)C3CC3)c21",4.7471
76037,"Cc1nc(N2CCN(CC2)C(=O)c2cccs2)c2c3CCCCc3sc2n1",5.4045
76038,"Cc1nc(N2CCN(CC2)C(=O)COc2ccccc2C)c2c3CCCCc3sc2n1",5.6536
76039,"Cc1nc(N2CCN(CC2)C(=O)c2ccc3OCCOc3c2)c2c3CCCCc3sc2n1",5.4737
76040,"CC1CCc2c(C1)sc1nc(C)nc(N3CCN(CC3)C(=O)c3ccc4n(C)c(C)nc4c3)c21",4.7077
76042,"CC1CCc2c(C1)sc1nc(C)nc(N3CCN(CC3)C(=O)c3ccncc3)c21",4.8761
76046,"N=c1c(cc2c(nc3ccccn3c2=O)n1C1CCCC1)C(=O)NCc1ccco1",4.5017
76047,"N=c1c(cc2c(nc3ccccn3c2=O)n1C1CCCC1)C(=O)NCc1ccccc1",4.7986
76051,"Cc1ccc2nc3n(C4CCCC4)c(=N)c(cc3c(=O)n2c1)C(=O)NC1CCCC1",4.6038
76052,"CCN(CC)S(=O)(=O)c1ccc(NC(=O)c2cc(nc3ccccc23)-c2cccs2)cc1",6.3696
76053,"CC(C(=O)N1CCC(CC1)n1nc(oc1=O)-c1ccccc1)c1ccc(C)cc1",5.4802
76054,"Fc1ccccc1CC(=O)N1CCC(CC1)n1nc(oc1=O)-c1ccccc1",4.7471
76055,"O=C(N1CCC(CC1)n1nc(oc1=O)-c1ccccc1)C1(CCCC1)c1ccccc1",5.7033
76056,"Fc1ccc(CC(=O)N2CCC(CC2)n2nc(oc2=O)-c2ccccc2)cc1",4.9318
76057,"O=C(Cc1ccc2OCOc2c1)N1CCC(CC1)n1nc(oc1=O)-c1ccccc1",4.8013
76058,"COc1ccc(cc1)C1(CC1)C(=O)N1CCC(CC1)n1nc(oc1=O)-c1ccccc1",5.1481
76059,"CCOc1ccc(CC(=O)N2CCC(CC2)n2nc(oc2=O)-c2ccccc2)cc1",5.1146
76060,"O=C(N1CCC(CC1)n1nc(oc1=O)-c1ccccc1)C1(CC1)c1ccccc1",5.0635
76061,"Cc1nnc(-c2ccc(Cl)cc2)c2cn(nc12)-c1ccccc1",5.4461
76062,"Cc1nnc(-c2ccccc2)c2cn(nc12)-c1ccc(Cl)cc1",5.4401
76063,"Cc1ccc(cc1)-n1cc2c(nnc(C)c2n1)-c1ccccc1",5.0623
76064,"Cc1nnc(-c2cccc3ccccc23)c2cn(nc12)-c1cccc(Br)c1",6.1798
76065,"COc1ccc(cc1)-n1cc2c(nnc(C)c2n1)-c1ccc(cc1)-c1ccccc1",5.983
76066,"Cc1nnc(-c2cccc(Br)c2)c2cn(nc12)-c1ccccc1",5.7747
76067,"COc1ccc(cc1)-n1cc2c(nnc(C)c2n1)-c1cccc(Br)c1",6.0241
76068,"Cc1ccc(cc1)-c1nnc(C)c2nn(cc12)-c1ccccc1",5.3363
76069,"COc1ccc(cc1)-c1nnc(C)c2nn(cc12)-c1ccc(Cl)cc1",5.8327
76070,"Cc1ccc(cc1)-n1cc2c(nnc(C)c2n1)-c1ccc(Cl)cc1",6.0605
76071,"Cc1ccc(cc1)-c1nnc(C)c2nn(cc12)-c1ccc(C)cc1",5.5867
76072,"COc1ccc(cc1)-c1nnc(C)c2nn(cc12)-c1ccc(C)cc1",5.4486
76073,"O=C(Nc1ccc(cc1)S(=O)(=O)Nc1nccs1)c1cc(nc2ccccc12)-c1ccccc1",5.3215
76075,"Cc1ccc(c(C)c1)-c1cc(C(=O)Nc2ccc(cc2)S(=O)(=O)Nc2nccs2)c2ccccc2n1",4.9914
76076,"O=C(Nc1ccc(cc1)S(=O)(=O)Nc1nccs1)c1cc(nc2ccccc12)-c1cccs1",5.3883
76077,"Oc1ccc(-c2n[nH]c(c2-c2ccccc2)C(F)(F)F)c(O)c1",5.4572
76078,"CCN(CC)S(=O)(=O)c1ccc(NC(=O)c2cc(nc3ccccc23)-c2ccccc2)cc1",6.4535
76079,"Cc1ccc2nc(cc(C(=O)Nc3ccc(cc3)S(=O)(=O)N3CCOCC3)c2c1)-c1ccccn1",5.27
76080,"Cc1[nH]nc(c1-c1ccc(Br)cc1)-c1ccc(O)cc1O",6.0083
76081,"CCOc1ccc(-c2n[nH]c(C)c2-c2ccccc2)c(O)c1",5.383
76082,"CCOc1ccc(-c2n[nH]c(C)c2-c2ccc(OC)cc2)c(O)c1",6.0706
76083,"Cc1[nH]nc(c1-c1ccc(Cl)cc1)-c1ccc(OCCN2CCOCC2)cc1O",5.6757
76084,"COc1ccc(cc1)-c1c(C)[nH]nc1-c1ccc(OCCN2CCOCC2)cc1O",5.4225
76085,"Cc1cc(C)nc(NS(=O)(=O)c2ccc(NC(=O)c3cc(nc4ccccc34)-c3ccccc3)cc2)n1",5.308
76086,"COc1ccc(cc1)-c1cc(C(=O)Nc2ccc(cc2)S(=O)(=O)Nc2ncccn2)c2ccccc2n1",4.6108
76087,"Cc1noc(NS(=O)(=O)c2ccc(NC(=O)c3cc(nc4ccccc34)-c3ccccc3Cl)cc2)c1C",4.7258
76088,"COc1ccc(cc1)-c1cc(C(=O)Nc2ccc(cc2)S(=O)(=O)Nc2onc(C)c2C)c2ccccc2n1",4.7721
76090,"CC(C)(C)c1ccc(cc1)-c1c(n[nH]c1-c1ccccc1)-c1nc2ccccc2[nH]1",6.3242
76091,"CC(C)C(=O)N1CCN(CC1)c1nc(C)nc2sc3CCCCc3c12",4.8314
93452,"Clc1cccc(c1)-n1ncc(C(=O)NCC2CC2)c1-c1ccc(cc1)-c1ccccc1",6.6449
93453,"Cc1ccccc1-n1ncc(C(=O)NCC2CC2)c1-c1ccc(cc1)-c1ccccc1",6.4089
93454,"Cc1cccc(c1)-n1ncc(C(=O)NCC2CC2)c1-c1ccc(cc1)-c1ccccc1",6.2076
93455,"CCCCNC(=O)c1cnn(c1-c1ccc(cc1)-c1ccccc1)-c1cccc(Cl)c1",6.3785
93456,"CCCCNC(=O)c1cnn(c1-c1ccc(cc1)-c1ccccc1)-c1ccccc1C",5.5528
93457,"CCCCNC(=O)c1cnn(c1-c1ccc(cc1)-c1ccccc1)-c1cccc(C)c1",5.5686
93458,"Cc1cccc(c1C)-n1ncc(C(N)=O)c1-c1ccc(cc1)-c1ccccc1",5.6021
93459,"O=C(NCCCc1ccccc1)c1cnn(c1-c1ccc(cc1)-c1ccccc1)-c1cccc2ccccc12",7.0458
93460,"Clc1cccc(c1)-n1ncc(C(=O)NCCCc2ccccc2)c1-c1ccc(cc1)-c1ccccc1",6.5431
93461,"Cc1ccccc1-n1ncc(C(=O)NCCCc2ccccc2)c1-c1ccc(cc1)-c1ccccc1",6.699
93462,"Cc1cccc(c1)-n1ncc(C(=O)NCCCc2ccccc2)c1-c1ccc(cc1)-c1ccccc1",6.699
93463,"Cc1cccc(c1C)-n1ncc(C(=O)NCCCc2ccccc2)c1-c1ccc(cc1)-c1ccccc1",7.0485
95787,"Clc1ccc(CCNC(=O)Nc2ccc(Cl)cc2)cc1",6.7905
159779,"CCCCS(=O)(=O)C[C@H]1C[C@H](C1)N(C)c1ncnc2[nH]ccc12",6.9208
163041,"CN(C)c1cnn(C2CC(C)(C)CC(C)(C)C2)c(=O)c1Cl",5.9901
163042,"CCCNc1cnn(C2CC(C)(C)CC(C)(C)C2)c(=O)c1Cl",6.3748
163048,"CC1(C)CC(CC(C)(C)C1)n1ncc(NCCN2CCOCC2)c(Cl)c1=O",5.4
163050,"CCCNc1cnn(C2CC(C)(C)CC(C)(C)C2)c(=O)c1Br",6.7595
163051,"CC1(C)CC(CC(C)(C)C1)n1ncc(NCCN2CCOCC2)c(Br)c1=O",5.73
163065,"CN(C)CCN(C)c1cnn(C2CC(C)(C)CC(C)(C)C2)c(=O)c1Cl",5.58
163067,"CCCn1ncc2c1cnn(C1CC(C)(C)CC(C)(C)C1)c2=O",6.5901
163069,"CC1(C)CC(CC(C)(C)C1)n1ncc2n(CCN3CCOCC3)ncc2c1=O",6.6596
163071,"CN(C)CCn1ncc2c1cnn(C1CC(C)(C)CC(C)(C)C1)c2=O",5.4
176622,"COc1nc(NCCc2ccc(F)cc2)nc(n1)-c1ccc(Cl)c(c1)C(C)(C)O",6.5229
208270,"FC(F)(F)S(=O)(=O)N1CCC(CC1)Nc1cc(=O)[nH]c2ccc(cc12)C(c1nccs1)c1ccc(Cl)cc1",8.3565
208271,"FC(F)(F)S(=O)(=O)N1CCC(CC1)Nc1cc(=O)[nH]c2ccc(cc12)C(c1ccc(Cl)cc1)c1ccc(Cl)cc1",8.9035
235937,"CCCCCCC(C)(C)c1cc(OC)c(C2=C[C@H]3CC[C@]2(C(=O)OC)C3(C)C)c(OC)c1",5.4724
242463,"Fc1ccc(Nc2ccc(cc2)S(=O)(=O)NCC2CC2)c(F)c1",5.2218
286105,"NC(=O)[C@H](CO)N\C(=N/S(=O)(=O)c1ccc(Cl)cc1)N1C[C@H](C(=N1)c1ccc(Cl)cc1)c1ccccc1",6.1249
295688,"COCC(C)(C)c1cc(NC(=O)C(C)(C)S(=O)(=O)CC2CCOCC2)on1",5.0655
295691,"COCC(C)(C)c1cc(NC(=O)C(C)(C)S(=O)(=O)C2CCOCC2)on1",4.301
295693,"CN(CC1CCOCC1)C(C)(C)C(=O)Nc1cc(no1)C(C)(C)C#N",4.4045
295694,"COCC(C)(C)c1cc(NC(=O)C(C)(C)N(C)CC2CCOCC2)on1",6.0348
295695,"CN(CC1CCOCC1)C(C)(C)C(=O)Nc1cc(no1)C(C)(C)CO",5.0925
295696,"CN(C1CCN(CC1)S(C)(=O)=O)C(C)(C)C(=O)Nc1cc(no1)C(C)(C)C#N",5.6021
295697,"CN(C1CCN(CC1)S(C)(=O)=O)C(C)(C)C(=O)Nc1cc(no1)C(C)(C)CO",5.5086
295698,"CC(C)(C#N)c1cc(NC(=O)[C@@H]2CCCN2C2CCOCC2)on1",4.0605
295701,"CN(CC1CCOCC1)C(C)(C)C(=O)Nc1nnc(s1)C(C)(C)CO",3.9208
295702,"CN(C1CCN(CC1)S(C)(=O)=O)C(C)(C)C(=O)Nc1nnc(s1)C(C)(C)C#N",4.1612
435491,"CC(C)(C#N)c1cc(NC(=O)C(C)(C)S(=O)(=O)CCCC(F)(F)F)on1",3.983
435493,"CC(C)(CO)c1cc(NC(=O)C(C)(C)S(=O)(=O)CCCC(F)(F)F)on1",4.5528
435502,"CC(C)(O)c1cc(NC(=O)C(C)(C)S(=O)(=O)CCCC(F)(F)F)on1",4.585
529437,"CCCCCC\C=C\C=C\CCCCCCCC(=O)NCCC(O)=O",4.6576
529438,"CCCCC\C=C/C=C/CCCCCCCCC(=O)NCCC(O)=O",4.6576
529443,"CCCCC\C=C/C=C/CCCCCCCCC(=O)NCC(Cc1c[nH]cn1)C(O)=O",4.3279
529444,"CCCCCC\C=C\C=C\CCCCCCCC(=O)NC(CC(O)=O)Cc1c[nH]cn1",4.3279
590758,"CC1CCC(CC1)NC(=O)c1c(O)c2cc(cnc2n(CCN2CCOCC2)c1=O)-c1ccc(F)cc1",5.4121
590776,"Oc1c(C(=O)NC2CC3(CCC3)C2)c(=O)n(CCN2CCOCC2)c2ccc(cc12)-c1ccc(F)cc1",6.2596
590785,"Fc1ccc(cc1)-c1cnc2n(CCN3CCOCC3)c(=O)c(cc2c1)C(=O)NC1CC2(CCC2)C1",7.4089
590787,"O=C(NC1CC2(CCC2)C1)c1cc2cc(cnc2n(CCN2CCOCC2)c1=O)-c1ccccn1",6.7352
590788,"O=C(NC1CC2(CCC2)C1)c1cc2cc(cnc2n(CCN2CCOCC2)c1=O)-c1ccncn1",6.4461
590790,"Fc1ccc(nc1)-c1cnc2n(CCN3CCOCC3)c(=O)c(cc2c1)C(=O)NC1CC2(CCC2)C1",6.9508
590791,"O=C(NC1CC2(CCC2)C1)c1cc2cc(cnc2n(CCN2CCOCC2)c1=O)-c1ncccn1",6.2596
590797,"O=C(NC1CC2(CCC2)C1)c1cc2cc(cnc2n(CCN2CCOCC2)c1=O)-c1ccc(cc1)C#N",5.2159
590799,"O=C(NC12CC(C1)C2)c1cc2cc(cnc2n(CCN2CCOCC2)c1=O)-c1ccc(cc1)C#N",5.0651
590803,"COc1ccc(cc1)-c1cnc2n(CCN3CCOCC3)c(=O)c(cc2c1)C(=O)NC12CC(C1)C2",5.5558
590805,"FC(F)Oc1ccc(cc1)-c1cnc2n(CCN3CCOCC3)c(=O)c(cc2c1)C(=O)NC1CC2(CCC2)C1",6.0168
590808,"CC(NC(=O)c1cc2cc(cnc2n(CCN2CCOCC2)c1=O)-c1ccc(OC(F)F)cn1)c1ccc(F)cc1",5.5311
590835,"CC(C)c1cnc2n(Cc3ccc(F)cc3)c(=O)c(cc2c1)C(=O)NC12CC(C1)C2",6.384
590836,"CC(C)c1cnc2n(Cc3ccc(F)cc3)c(=O)c(cc2c1)C(=O)N[C@H](C)c1ccc(cc1)C#N",6.2182
590838,"C[C@@H](NC(=O)c1cc2cc(Br)cnc2n(Cc2ccc(F)cc2)c1=O)c1ccc(F)cc1",5.3389
590841,"C[C@H](NC(=O)c1cc2cc(Br)cnc2n(Cc2ccc(F)cc2)c1=O)c1ccc(F)cc1",6.4584
590845,"C[C@@H](NC(=O)c1cc2cc(cnc2n(Cc2ccc(F)cc2)c1=O)C1CC1)c1ccc(F)cc1",5.4862
590846,"C[C@@H](NC(=O)c1cc2cc(cnc2n(Cc2ccc(F)cc2)c1=O)C1CC1)c1ccc(cc1)C#N",6.0482
590850,"CC(C)c1cnc2n(Cc3ccc(F)cn3)c(=O)c(cc2c1)C(=O)N[C@H](C)c1ccc(F)cc1",5.5403
590851,"C[C@@H](NC(=O)c1cc2cc(cnc2n(Cc2ccc(F)cc2)c1=O)C1COC1)c1ccc(cc1)C#N",5.6763
590852,"Fc1ccc(Cn2c3ncc(cc3cc(C(=O)NC3CC4(CCC4)C3)c2=O)C2COC2)cc1",5.7934
590853,"C[C@@H](NC(=O)c1cc2cc(cnc2n(Cc2ccc(F)cc2)c1=O)C1COC1)c1ccc(F)cc1",5.5369
590859,"CC12CC(C1)(C2)NC(=O)c1c(O)c2cc(cnc2n(CCN2CCOCC2)c1=O)-c1ccc(F)cc1",6.2596
590860,"CC1(C)CC(C1)NC(=O)c1c(O)c2cc(cnc2n(CCN2CCOCC2)c1=O)-c1ccc(F)cc1",6.2596
590864,"Oc1c(C(=O)NC23CC(C2)CC3)c(=O)n(CCN2CCOCC2)c2ncc(cc12)-c1ccc(F)cc1",6.2581
590865,"Oc1c(C(=O)NC23CCC(CC2)CC3)c(=O)n(CCN2CCOCC2)c2ncc(cc12)-c1ccc(F)cc1",5.8294
590870,"OCC1(CCCCC1)NC(=O)c1c(O)c2cc(cnc2n(CCN2CCOCC2)c1=O)-c1ccc(F)cc1",5.6354
590892,"C[C@H]1CC[C@H](CC1)NC(=O)c1c(O)c2cccnc2n(Cc2ccc(F)cc2)c1=O",5.474
590905,"C[C@H]1CC[C@H](CC1)NC(=O)c1c(O)c2cc(ccc2n(CCN2CCOCC2)c1=O)-c1ccc(F)cc1",6.2596
646493,"CC(C)=CCc1c(oc2c(C3C=C(C)CC(C3C(=O)c3ccc(O)cc3O)c3ccc(O)cc3O)c(O)cc(O)c2c1=O)-c1ccc(O)cc1O",4.9957
646494,"CC(C)=CCc1c(O)ccc(C(=O)C2C(CC(C)=CC2c2c(O)cc(O)c3c2oc(c(CC=C(C)C)c3=O)-c2ccc(O)cc2O)c2ccc(O)cc2O)c1O",7.0
646495,"CC(C)=CCC12Oc3c(C4C=C(C)CC(C4C(=O)c4ccc(O)cc4O)c4ccc(O)cc4O)c(O)cc(O)c3C(=O)C1(O)Oc1cc(O)ccc21",5.4559
50005282,"OC(c1nc(C(=O)NC23CC4CC(CC(C4)C2)C3)n2ccccc12)c1cccnc1",5.4111
50006447,"CC(C)(CO)c1cc(NC(=O)C(C)(C)S(=O)(=O)C2CCOCC2)on1",3.8239
50008022,"COc1ccc(cc1)C(=O)c1c2CCC(CN3CCOCC3)n2c2ccccc12",9.4949
50008029,"COc1ccc(cc1)C(=O)c1c(C)n(CCN2CCOCC2)c2ccccc12",6.3439
50023629,"Clc1ccc(NC(=O)Nc2cccc(c2)-c2cccc(n2)N2CCCC2)cc1",7.0055
50023630,"Clc1ccc(NC(=O)Nc2cccc(c2)-c2cccc(n2)N2CCCCC2)cc1",7.0223
50023631,"Clc1ccc(NC(=O)Nc2cccc(c2)-c2cccc(NC3CCCC3)n2)cc1",6.3002
50023632,"CC(=O)Nc1cccc(n1)-c1cccc(NC(=O)Nc2ccc(Cl)cc2)c1",6.6003
50023633,"O=C(Nc1ccc(cc1)C#N)Nc1cccc(c1)-c1cccc(n1)N1CCCC1",7.4815
50023663,"Clc1ccc(NC(=O)Nc2cccc(c2)-c2cccc(n2)N2CCCC2)cc1Cl",6.7932
50023664,"Clc1cc(Cl)cc(NC(=O)Nc2cccc(c2)-c2cccc(n2)N2CCCC2)c1",6.1451
50023665,"CN(C)c1cccc(n1)-c1cccc(NC(=O)Nc2ccc(Cl)cc2)c1",7.5686
50023666,"CCCCNc1cccc(n1)-c1cccc(NC(=O)Nc2ccc(Cl)cc2)c1",7.0315
50023667,"Fc1ccc(NC(=O)Nc2cccc(c2)-c2cccc(n2)N2CCCC2)cc1",7.4949
50023669,"Clc1ccc(NC(=O)Nc2cccc(c2)-c2cccc(n2)N2CCCC2)cn1",6.8697
50023670,"Cc1ccc(NC(=O)Nc2cccc(c2)-c2cccc(n2)N2CCCC2)cc1",6.6925
50023671,"COc1ccc(NC(=O)Nc2cccc(c2)-c2cccc(n2)N2CCCC2)cc1",6.7235
50023672,"CN(C)c1ccc(NC(=O)Nc2cccc(c2)-c2cccc(n2)N2CCCC2)cc1",5.7852
50023673,"O=C(Nc1ccc2OCOc2c1)Nc1cccc(c1)-c1cccc(n1)N1CCCC1",6.5058
50023674,"Cc1cc(C)cc(NC(=O)Nc2cccc(c2)-c2cccc(n2)N2CCCC2)c1",5.7258
50023679,"Clc1cccc(NC(=O)Nc2cccc(c2)-c2cccc(n2)N2CCCC2)c1",6.6421
50023686,"O=C(Nc1cccc(c1)-c1cccc(n1)N1CCCC1)Nc1ccc2ccccc2c1",6.0516
50023687,"CCN(CC)c1cccc(n1)-c1cccc(NC(=O)Nc2ccc(Cl)cc2)c1",6.9031
50023688,"CCCN(CCC)c1cccc(n1)-c1cccc(NC(=O)Nc2ccc(Cl)cc2)c1",6.4295
50023689,"CCCCN(CCCC)c1cccc(n1)-c1cccc(NC(=O)Nc2ccc(Cl)cc2)c1",6.1593
50023690,"CNc1cccc(n1)-c1cccc(NC(=O)Nc2ccc(Cl)cc2)c1",6.4989
50023691,"CCNc1cccc(n1)-c1cccc(NC(=O)Nc2ccc(Cl)cc2)c1",6.7423
50023692,"CCCNc1cccc(n1)-c1cccc(NC(=O)Nc2ccc(Cl)cc2)c1",6.5072
50023693,"CCCCCNc1cccc(n1)-c1cccc(NC(=O)Nc2ccc(Cl)cc2)c1",6.062
50023701,"CCCCCCNc1cccc(n1)-c1cccc(NC(=O)Nc2ccc(Cl)cc2)c1",5.8665
50023704,"CCN(C)c1cccc(n1)-c1cccc(NC(=O)Nc2ccc(Cl)cc2)c1",7.2676
50023715,"CCCN(C)c1cccc(n1)-c1cccc(NC(=O)Nc2ccc(Cl)cc2)c1",6.8069
50023719,"CCCCN(C)c1cccc(n1)-c1cccc(NC(=O)Nc2ccc(Cl)cc2)c1",6.983
50023723,"O=C(Nc1ccccc1)Nc1cccc(c1)-c1cccc(n1)N1CCCC1",6.7799
50023724,"Brc1ccc(NC(=O)Nc2cccc(c2)-c2cccc(n2)N2CCCC2)cc1",7.0088
50042659,"CC(C)(C)c1cc(NC(=O)[C@@H]2CCCN2C2CCOCC2)on1",5.104
50066793,"CCN(CC)c1ccc(CCNC(=O)c2[nH]c3ccc(Cl)cc3c2CC)cc1",6.3161
50066794,"CCCN(CCC)c1ccc(CCNC(=O)c2[nH]c3ccc(Cl)cc3c2CC)cc1",5.7447
50066795,"CCCCCCNc1ccc(CCNC(=O)c2[nH]c3ccc(Cl)cc3c2CC)cc1",5.4413
50066800,"CCc1c([nH]c2ccc(Cl)cc12)C(=O)NCCc1ccccc1",5.5017
50066801,"CCc1c([nH]c2ccc(Cl)cc12)C(=O)NCCc1ccc(OC)cc1",5.5918
50066802,"CCc1c([nH]c2ccc(Cl)cc12)C(=O)NCCc1ccc(cc1)C(C)(C)C",5.6144
50066803,"CCc1c([nH]c2ccc(Cl)cc12)C(=O)NCCc1ccccc1Cl",5.2358
50066804,"CCc1c([nH]c2ccc(Cl)cc12)C(=O)NCCc1cccc(Cl)c1",6.0804
50066805,"CCc1c([nH]c2ccc(Cl)cc12)C(=O)NCCc1cccc(OC)c1",5.6778
50066808,"CCc1c([nH]c2ccc(Cl)cc12)C(=O)NCCc1ccc(Cl)c(Cl)c1",5.6635
50066815,"CCc1c([nH]c2ccc(Cl)cc12)C(=O)NCCc1ccc2OCOc2c1",5.3645
50066828,"CCc1c([nH]c2ccc(Cl)cc12)C(=O)NC1CCN(Cc2ccccc2)C1",5.3224
50066832,"CCc1c([nH]c2ccc(F)cc12)C(=O)NCCc1ccc(cc1)N(C)C",6.6882
50066833,"CCN(CC)c1ccc(CCNC(=O)c2[nH]c3ccc(F)cc3c2CC)cc1",6.4425
50066834,"CCN(CC)c1ccc(CCNC(=O)c2[nH]c3ccc(F)cc3c2C)cc1",6.821
50066835,"CCN(CC)c1ccc(CCNC(=O)c2cc3cc(F)ccc3[nH]2)cc1",6.4976
50066836,"CCN(CC)c1ccc(CCNC(=O)c2cc3cc(Cl)ccc3[nH]2)cc1",7.1024
50066837,"CCc1c([nH]c2ccc(F)cc12)C(=O)NCCc1ccc(cc1)N1CCCCC1",6.2182
50066838,"Cc1c([nH]c2ccc(F)cc12)C(=O)NCCc1ccc(cc1)N1CCCCC1",6.5544
50066839,"Fc1ccc2[nH]c(cc2c1)C(=O)NCCc1ccc(cc1)N1CCCCC1",6.4962
50098184,"COc1ccc(CCNC(=O)Nc2ccc(Cl)cc2)cc1",5.7665
50098802,"[O-][N+](=O)c1ccc(NC(=O)Nc2cccc(c2)-c2cccc(n2)N2CCCC2)cc1",7.0
50105105,"Fc1ccc(cc1)C(CCCN1CCC(CC1)NC(=O)OCCc1ccc(cc1)C#N)c1ccc(F)cc1",5.2154
50160092,"CCCNC(=O)c1cc(-c2ccc(Cl)cc2)c(nc1OCC1CCCCC1)-c1ccc(Cl)cc1Cl",8.284
50160093,"CN(C)C(=O)c1cc(-c2ccc(Cl)cc2)c(nc1Cl)-c1ccc(Cl)cc1Cl",5.8861
50160094,"Fc1ccc(cc1)-c1cc(C#N)c(OCc2ccc(F)c(F)c2)nc1-c1ccc(F)cc1F",7.1805
50160095,"CCCNC(=O)c1cc(-c2ccc(Cl)cc2)c(nc1OCc1ccc(F)c(F)c1)-c1ccc(Cl)cc1Cl",8.7696
50160096,"Clc1ccc(cc1)-c1ccc(nc1-c1ccc(Cl)cc1Cl)C(=O)Nc1ccccc1",6.6778
50160097,"CCNC(=O)c1cc(-c2ccc(Cl)cc2)c(nc1OCc1ccc(F)c(F)c1)-c1ccc(Cl)cc1Cl",8.7212
50160098,"CN(C)C(=O)c1cc(-c2ccc(Cl)cc2)c(nc1OCc1ccccc1)-c1ccc(Cl)cc1Cl",7.6576
50160099,"Fc1ccc(COc2nc(-c3ccc(Cl)cc3Cl)c(cc2C#N)-c2ccc(Cl)cc2)cc1",8.5086
50160100,"Fc1ccc(COc2nc(-c3ccc(Cl)cc3Cl)c(cc2C#N)-c2ccc(Cl)cc2)cc1F",8.8861
50160101,"Clc1ccc(cc1)-c1c(cc(C#N)c(=O)n1Cc1ccccc1)-c1ccccc1",5.2218
50160102,"CCCCCCNC(=O)c1cnc(-c2ccc(Cl)cc2Cl)c(c1)-c1ccc(Cl)cc1",7.1871
50160103,"Fc1ccc(COc2nc(-c3ccc(Cl)cc3Cl)c(cc2C#N)-c2ccc(Cl)cc2)c(F)c1",8.5686
50160104,"CCCCCCNC(=O)c1ccc(-c2ccc(Cl)cc2)c(n1)-c1ccc(Cl)cc1Cl",7.3665
50160105,"CCCCOc1nc(-c2ccc(Cl)cc2Cl)c(cc1C(N)=O)-c1ccc(Cl)cc1",7.4949
50160106,"CCCC(CCC)NC(=O)c1ccc(-c2ccc(Cl)cc2)c(n1)-c1ccc(Cl)cc1Cl",7.4949
50160107,"Clc1ccc(cc1)-c1cc(C#N)c(OCc2ccccc2)nc1-c1ccc(Cl)cc1Cl",7.9586
50160108,"FC(F)(F)c1ccc(COc2nc(-c3ccc(Cl)cc3Cl)c(cc2C#N)-c2ccc(Cl)cc2)cc1",8.4685
50160109,"Clc1ccc(cc1)-c1ccc(nc1-c1ccc(Cl)cc1Cl)C(=O)NC1CCCCCC1",7.4559
50160110,"Clc1ccc(cc1)-c1cc(cnc1-c1ccc(Cl)cc1Cl)C(=O)NN1CCCCC1",6.3188
50160111,"CCCCOc1nc(-c2ccc(Cl)cc2Cl)c(cc1C(=O)NC)-c1ccc(Cl)cc1",7.7696
50160112,"Cc1ccc(cc1)-c1cc(C#N)c(OCc2ccc(F)c(F)c2)nc1-c1ccc(Cl)cc1Cl",8.2004
50160113,"COC(=O)c1cc(-c2ccc(Cl)cc2)c(nc1OCc1ccccc1)-c1ccc(Cl)cc1Cl",8.4559
50160114,"Clc1ccc(cc1)-c1nc(OCc2ccccc2)c(cc1-c1ccccc1)C#N",6.0922
50160115,"COC(=O)c1cc(-c2ccc(Cl)cc2)c(nc1OCc1ccc(F)c(F)c1)-c1ccc(Cl)cc1Cl",8.8861
50160116,"Clc1ccc(cc1)-c1ccc(nc1-c1ccc(Cl)cc1Cl)C(=O)NCc1ccccc1",7.5086
50160117,"CNC(=O)c1cc(-c2ccc(Cl)cc2)c(nc1OCC1CCCCC1)-c1ccc(Cl)cc1Cl",8.4685
50160118,"Clc1ccc(cc1)-c1ccc(nc1-c1ccc(Cl)cc1Cl)C(=O)NN1CCCCC1",7.2518
50160119,"CCCNC(=O)c1cc(-c2ccc(Cl)cc2)c(nc1Cl)-c1ccc(Cl)cc1Cl",7.284
50160120,"Clc1ccc(cc1)-c1ccc(nc1-c1ccc(Cl)cc1Cl)C(=O)NC1CCCC1",7.2757
50160121,"NC(=O)c1cc(-c2ccc(Cl)cc2)c(nc1OCc1ccccc1)-c1ccc(Cl)cc1Cl",7.7447
50160122,"Fc1ccc(COc2nc(-c3ccc(Cl)cc3)c(cc2C#N)-c2ccc(Cl)cc2)cc1F",7.7447
50160123,"Clc1ccc(cc1)-c1ccc(nc1-c1ccc(Cl)cc1Cl)C(=O)NC1CCCCC1",7.0223
50160124,"CCCCOc1nc(-c2ccc(Cl)cc2Cl)c(cc1C(=O)NCCC)-c1ccc(Cl)cc1",7.6778
50160125,"CNC(=O)c1cc(-c2ccc(Cl)cc2)c(nc1OCc1ccc(F)c(F)c1)-c1ccc(Cl)cc1Cl",8.5086
50160126,"COc1ccc(cc1)-c1cc(C#N)c(OCc2ccccc2)nc1-c1ccc(cc1)N(C)C",6.2757
50160127,"CNC(=O)c1cc(-c2ccc(Cl)cc2)c(nc1OCc1ccccc1)-c1ccc(Cl)cc1Cl",8.1549
50160128,"Fc1ccc(cc1)-c1cc(C#N)c(OCc2ccc(F)c(F)c2)nc1-c1ccc(Cl)cc1Cl",8.1427
50160129,"Clc1ccc(cc1)-c1cc(C(=O)NC2CCCC2)c(OCc2ccccc2)nc1-c1ccc(Cl)cc1Cl",7.7447
50160130,"Clc1ccc(cc1)-c1cc(C#N)c(=O)n(Cc2ccccc2)c1-c1ccc(Cl)cc1Cl",5.699
50160131,"FCCNC(=O)c1cc(-c2ccc(Cl)cc2)c(nc1OCc1ccc(F)c(F)c1)-c1ccc(Cl)cc1Cl",8.8239
50160132,"CC(C)NC(=O)c1cc(-c2ccc(Cl)cc2)c(nc1OCc1ccc(F)c(F)c1)-c1ccc(Cl)cc1Cl",8.7447
50160133,"CCCNC(=O)c1cc(-c2ccc(Cl)cc2)c(nc1OCc1ccccc1)-c1ccc(Cl)cc1Cl",8.2218
50160134,"Clc1ccc(cc1)-c1ccc(nc1-c1ccc(Cl)cc1Cl)C(=O)N1CCCCC1",6.4685
50160135,"Clc1ccc(cc1)-c1cc(C(=O)NN2CCCCC2)c(OCc2ccccc2)nc1-c1ccc(Cl)cc1Cl",7.3872
50160136,"COC(=O)c1cc(-c2ccc(Cl)cc2)c(nc1OCC1CCCCC1)-c1ccc(Cl)cc1Cl",8.5376
50160137,"CCNC(=O)c1cc(-c2ccc(Cl)cc2)c(nc1OCc1ccccc1)-c1ccc(Cl)cc1Cl",8.8539
50160138,"Fc1ccc(COc2nc(-c3ccccc3Cl)c(cc2C#N)-c2ccc(Cl)cc2)cc1F",8.0969
50160140,"Clc1ccc(cc1)-c1cc(C(=O)NN2CCCCC2)c(Cl)nc1-c1ccc(Cl)cc1Cl",6.3979
50160141,"Clc1ccc(cc1)-c1cc(cnc1-c1ccc(Cl)cc1Cl)C(=O)NC1CCCCC1",6.6778
50160142,"Clc1ccc(cc1)-c1cc(cnc1-c1ccc(Cl)cc1Cl)C(=O)N1CCCCC1",6.3372
50160143,"Fc1cc(F)cc(COc2nc(-c3ccc(Cl)cc3Cl)c(cc2C#N)-c2ccc(Cl)cc2)c1",8.7447
50160144,"CCCCCCNC(=O)c1cc(-c2ccc(Cl)cc2)c(nc1Cl)-c1ccc(Cl)cc1Cl",7.2366
50160145,"CCCCOc1nc(-c2ccc(Cl)cc2Cl)c(cc1C(=O)OC)-c1ccc(Cl)cc1",8.7212
50161551,"Cn1c(nc(c1-c1ccc(Cl)cc1)-c1ccc(Cl)cc1Cl)C(=O)NC1CCCCCC1",8.0969
50161552,"CCCCCCNC(=O)c1nc(c(-c2ccc(Cl)cc2)n1C)-c1ccc(Cl)cc1",6.2676
50161553,"Cn1c(nc(c1-c1ccc(Cl)cc1)-c1ccc(Cl)cc1Cl)C(=O)NN1CCOCC1",6.7698
50161554,"Cn1c(nc(c1-c1ccc(Cl)cc1)-c1ccc(Cl)cc1Cl)C(=O)NN1CCCCC1",8.2147
50161555,"Cc1ccc(cc1)-c1nc(C(=O)NN2CCCCC2)n(C)c1-c1ccc(C)cc1",6.3336
50161556,"Cn1c(nc(c1-c1ccc(Cl)cc1)-c1ccc(Cl)cc1)C(=O)NC1CCCCC1",6.3468
50161557,"Cn1c(nc(c1-c1ccc(Cl)cc1Cl)-c1ccc(Cl)cc1)C(=O)NN1CCCCC1",6.7212
50161558,"Cn1c(nc(c1-c1ccc(Cl)cc1)-c1ccc(Cl)cc1)C(=O)NN1CCOCC1",5.5086
50161559,"CC(=O)C(Sc1nc(c([nH]1)-c1ccccc1)-c1ccccc1)c1ccccc1",5.1549
50161560,"Clc1ccc(cc1)-c1nc(oc1-c1ccc(Cl)cc1)C(=O)NC1CCCCC1",6.301
50161561,"Clc1ccc(cc1)-c1nc([nH]c1-c1ccc(Cl)cc1)C(=O)NN1CCCCC1",5.2209
50161562,"Cn1c(nc(c1-c1ccc(Cl)cc1)-c1ccc(Cl)cc1Cl)C(=O)Nc1ccccc1",7.2218
50161563,"Cn1c(nc(c1-c1ccc(Cl)cc1Cl)-c1ccc(Cl)cc1Cl)C(=O)NN1CCCCC1",7.7959
50161564,"Cn1c(nc(c1-c1ccccc1)-c1ccccc1)C(=O)N1CCCCC1",4.7206
50161565,"Clc1ccc(cc1)-c1oc(nc1-c1ccc(Cl)cc1Cl)C(=O)NN1CCCCC1",6.585
50161566,"Cn1c(nc(c1-c1ccc(Cl)cc1)-c1ccc(Cl)cc1Cl)C(=O)NC1CCCC1",7.7696
50161567,"Cn1c(nc(c1-c1ccccc1)-c1ccccc1)C(=O)NN1CCCCC1",5.7206
50161568,"Clc1ccc(cc1)-c1nc([nH]c1-c1ccc(Cl)cc1)C(=O)NC1CCCCC1",5.8239
50161569,"CCn1c(nc(c1-c1ccc(Cl)cc1)-c1ccc(Cl)cc1Cl)C(=O)NC1CCCCC1",8.3872
50161570,"Clc1ccc(cc1)-c1oc(nc1-c1ccc(Cl)cc1Cl)C(=O)NC1CCCCC1",7.0969
50161571,"Cn1c(nc(c1-c1ccc(Cl)cc1)-c1ccc(Cl)cc1)C(=O)NN1CCCCC1",6.585
50161572,"Cn1c(nc(c1-c1ccc(Cl)cc1)-c1ccc(Cl)cc1Cl)C(=O)NC1CCCCC1",8.3979
50161573,"Cc1ccc(cc1)-c1nc(C(=O)N2CCCCC2)n(C)c1-c1ccc(C)cc1",5.4643
50161574,"Clc1ccc(cc1)-c1nc(oc1-c1ccc(Cl)cc1)C(=O)NN1CCCCC1",5.6538
50161575,"Cn1c(nc(c1-c1ccccc1)-c1ccccc1)C(=O)NC1CCCCC1",5.7424
50161576,"Cn1c(nc(c1-c1ccc(Cl)cc1)-c1ccc(Cl)cc1)C(=O)NC(C)(C)C",6.0458
50161577,"Cn1c(nc(c1-c1ccc(Cl)cc1)-c1ccc(Cl)cc1)C(=O)N1CCCCC1",5.9586
50161578,"Clc1ccc(cc1)-c1nc(oc1-c1ccc(Cl)cc1Cl)C(=O)NN1CCCCC1",6.3279
50161579,"Clc1ccc(-c2nc(oc2-c2ccc(Cl)cc2Cl)C(=O)NN2CCCCC2)c(Cl)c1",6.699
50161580,"Clc1ccc(cc1)-c1nc(oc1-c1ccc(Cl)cc1Cl)C(=O)NC1CCCCC1",6.0
50161581,"CN(C1CCCCC1)C(=O)c1nc(c(-c2ccc(Cl)cc2)n1C)-c1ccc(Cl)cc1Cl",7.1549
50161582,"Cn1c(nc(c1-c1ccc(Cl)cc1Cl)-c1ccc(Cl)cc1)C(=O)NC1CCCCC1",7.3372
50161583,"Clc1ccc(-c2nc(oc2-c2ccc(Cl)cc2Cl)C(=O)NC2CCCCC2)c(Cl)c1",7.1549
50161584,"Cc1ccc(cc1)-c1nc(C(=O)NC2CCCCC2)n(C)c1-c1ccc(C)cc1",6.0458
50161585,"Cn1c(nc(c1-c1ccc(Cl)cc1Cl)-c1ccc(Cl)cc1Cl)C(=O)NC1CCCCC1",8.284
50176420,"CC(=O)Nc1c(C(C)=O)c(=O)n(Cc2ccccc2)c2nc(-c3ccc(Cl)cc3Cl)c(cc12)-c1ccc(Cl)cc1",8.6383
50176421,"CC(=O)Nc1cc(=O)n(C)c2nc(-c3ccc(Cl)cc3Cl)c(cc12)-c1ccc(Cl)cc1",6.9543
50176422,"CC(=O)Nc1c(C(C)=O)c(=O)[nH]c2nc(-c3ccc(Cl)cc3Cl)c(cc12)-c1ccc(Cl)cc1",7.1135
50176423,"CC(=O)Nc1c(C(C)=O)c(=O)n(CC2CCCO2)c2nc(-c3ccc(Cl)cc3Cl)c(cc12)-c1ccc(Cl)cc1",8.284
50176424,"CC(C)Cn1c2nc(-c3ccc(Cl)cc3Cl)c(cc2c(NC(C)=O)c(C(C)=O)c1=O)-c1ccc(Cl)cc1",8.6383
50176425,"CC(=O)Nc1c(C#N)c(=O)n(C)c2nc(-c3ccc(Cl)cc3Cl)c(cc12)-c1ccc(Cl)cc1",7.4529
50176426,"CC(=O)c1c(C)c2cc(-c3ccc(Cl)cc3)c(nc2n(C)c1=O)-c1ccc(Cl)cc1Cl",7.2596
50176427,"CC(=O)Nc1c(C)c(=O)n(C)c2nc(-c3ccc(Cl)cc3Cl)c(cc12)-c1ccc(Cl)cc1",7.585
50176428,"CN(C)c1c(C(C)=O)c(=O)n(C)c2nc(-c3ccc(Cl)cc3Cl)c(cc12)-c1ccc(Cl)cc1",7.0177
50176429,"CC(=O)Nc1c(C(C)=O)c(=O)n(CCO)c2nc(-c3ccc(Cl)cc3Cl)c(cc12)-c1ccc(Cl)cc1",7.4949
50176430,"COCC(=O)Nc1c(C(C)=O)c(=O)n(C)c2nc(-c3ccc(Cl)cc3Cl)c(cc12)-c1ccc(Cl)cc1",7.6198
50176431,"COCCn1c2nc(-c3ccc(Cl)cc3Cl)c(cc2c(NC(C)=O)c(C(C)=O)c1=O)-c1ccc(Cl)cc1",8.4318
50176432,"CC(=O)c1c(N)c2cc(-c3ccc(Cl)cc3)c(nc2n(C)c1=O)-c1ccc(Cl)cc1Cl",6.9208
50176433,"CC(=O)c1c(NC(=O)CO)c2cc(-c3ccc(Cl)cc3)c(nc2n(C)c1=O)-c1ccc(Cl)cc1Cl",7.3372
50176434,"COc1c(NC(C)=O)c2cc(-c3ccc(Cl)cc3)c(nc2n(C)c1=O)-c1ccc(Cl)cc1Cl",7.6198
50176435,"CC(=O)Nc1c(C(C)=O)c(=O)n(C)c2nc(-c3ccc(Cl)cc3Cl)c(cc12)-c1ccc(Cl)cc1",8.1249
50176436,"CN(C)c1c(NC(C)=O)c2cc(-c3ccc(Cl)cc3)c(nc2n(C)c1=O)-c1ccc(Cl)cc1Cl",7.699
50176437,"CC(C)c1c(NC(C)=O)c2cc(-c3ccc(Cl)cc3)c(nc2n(C)c1=O)-c1ccc(Cl)cc1Cl",7.8239
50198505,"COc1cccc(c1)-c1c(C)c2c(CCN(C3CCCCC3)C2=O)n1-c1ccc(Cl)cc1Cl",8.1675
50198509,"Cc1c2c(CCN(C3CCCCC3)C2=O)n(c1-c1ccc(F)cc1)-c1ccccc1C",7.3979
50198512,"Cc1c2c(CCN(C3CCCCC3)C2=O)n(c1-c1cccc(c1)C(F)(F)F)-c1ccc(Cl)cc1Cl",7.1739
50198514,"Cc1c2c(CCN(C3CCCCC3)C2=O)n(c1-c1cc2ccccc2s1)-c1ccc(Cl)cc1Cl",7.6383
50198515,"Cc1c2c(CCN(C3CCCCC3)C2=O)n(c1-c1ccc2OCOc2c1)-c1ccc(Cl)cc1Cl",7.9208
50198521,"Cc1c2c(CCN(C3CCCCC3)C2=O)n(c1-c1ccc(cc1)C(F)(F)F)-c1ccccc1C",8.0315
50198524,"Cc1c2c(CCN(C3CCCCC3)C2=O)n(c1-c1cccc(C)c1)-c1ccc(Cl)cc1Cl",7.7696
50198527,"COc1ccc(cc1)-c1c(C)c2c(CCN(C3CCCCC3)C2=O)n1-c1ccccc1C",7.6576
50198528,"Cc1c2c(CCN(C3CCCCC3)C2=O)n(c1-c1ccco1)-c1ccc(Cl)cc1Cl",7.699
50198531,"Cc1c2c(CCN(C3CCCCC3)C2=O)n(c1-c1cccs1)-c1ccc(Cl)cc1Cl",7.7212
50198537,"Cc1c2c(CCN(C3CCCCC3)C2=O)n(c1-c1ccccc1)-c1ccc(Cl)cc1Cl",7.7959
50198538,"Cc1c2c(CCN(C3CCCCC3)C2=O)n(c1-c1ccsc1)-c1ccc(Cl)cc1Cl",7.4318
50200828,"C[C@H](NC(=O)C(C)(C)Oc1ccc(Cl)cc1)[C@@H](Cc1ccc(Cl)cc1)c1ccccc1",8.5229
50200830,"C[C@H](NC(=O)C(C)(C)Oc1cccc(Cl)c1)[C@@H](Cc1ccc(Cl)cc1)c1ccccc1",8.8225
50200831,"C[C@H](NC(=O)C(C)(C)Oc1ccccn1)[C@@H](Cc1ccc(Cl)cc1)c1ccccc1",8.7447
50200833,"C[C@H](NC(=O)C(C)(C)Oc1ccc(cn1)C(F)(F)F)[C@@H](Cc1ccc(Cl)cc1)c1ccccc1",9.2843
50200835,"CC(NC(=O)C(C)(C)Oc1ccc(Cl)cc1)C(Cc1ccc(Cl)cc1)c1ccccc1",8.6021
50200836,"C[C@H](NC(=O)C(C)(C)Oc1ccc(Cl)cn1)[C@@H](Cc1ccc(Cl)cc1)c1ccccc1",8.8828
50200837,"C[C@H](NC(=O)C(C)(C)Oc1ccc(Cl)cc1)[C@@H](Cc1ccc(Cl)cc1)c1ccc(Cl)cc1",7.3188
50200838,"C[C@H](NC(=O)C(C)(C)Oc1ccccc1)[C@@H](Cc1ccc(Cl)cc1)c1ccccc1",8.6958
50200839,"C[C@H](NC(=O)C(C)(C)Oc1cccc(F)c1)[C@@H](Cc1ccc(Cl)cc1)c1ccccc1",8.7959
50200842,"CC(NC(=O)C(C)(C)Oc1ccc(Cl)cc1)C(Cc1ccc(Cl)cc1)c1ccc(Cl)cc1",7.699
50200844,"C[C@H](NC(=O)C(C)(C)Oc1cc(F)cc(F)c1)[C@@H](Cc1ccc(Cl)cc1)c1ccccc1",8.914
50204169,"Clc1ccc(cc1)-c1cc(C#N)c(nc1-c1ccc(Cl)cc1Cl)-n1ccnc1",7.9208
50204170,"Clc1ccc(cc1)-c1cc(C#N)c(OC2CCOC2)nc1-c1ccc(Cl)cc1Cl",7.9586
50204171,"CC(C)N1CCN(C(=O)C1=O)c1nc(-c2ccccc2Cl)c(cc1C#N)-c1ccc(Cl)cc1",7.9208
50204172,"NC(=O)c1cc(-c2ccc(Cl)cc2)c(nc1Oc1ccc(F)c(F)c1)-c1ccc(Cl)cc1Cl",7.9586
50204173,"CC(C)(C)C#Cc1nc(-c2ccccc2Cl)c(cc1C#N)-c1ccc(Cl)cc1",8.2291
50204174,"Fc1ccc(Oc2nc(-c3ccc(Cl)cc3Cl)c(cc2C#N)-c2ccc(Cl)cc2)cc1F",8.4318
50204175,"CC(C)Oc1nc(-c2ccc(Cl)cc2Cl)c(cc1C#N)-c1ccc(Cl)cc1",8.0
50204176,"Clc1ccc(cc1)-c1cc(C#N)c(OCCNC(=O)C2CCC2)nc1-c1ccc(Cl)cc1Cl",8.2441
50204177,"CCC(N)(CC)C#Cc1nc(-c2ccccc2Cl)c(cc1C#N)-c1ccc(Cl)cc1",7.4089
50204178,"CC(C)NC(=O)c1cc(-c2ccc(Cl)cc2)c(nc1Oc1ccc(F)c(F)c1)-c1ccc(Cl)cc1Cl",8.4559
50204179,"Clc1ccc(cc1)-c1cc(C#N)c(Oc2cc(Cl)cc(Cl)c2)nc1-c1ccc(Cl)cc1Cl",8.4089
50204180,"Fc1cc(F)cc(c1)S(=O)(=O)N1CCN(CC1)c1nc(-c2ccccc2Cl)c(cc1C#N)-c1ccc(Cl)cc1",8.4202
50204181,"Clc1ccc(cc1)-c1cc(C#N)c(nc1-c1ccc(Cl)cc1Cl)N1CCCCC1",7.7212
50204182,"CNN(C)C(=O)c1cc(-c2ccc(Cl)cc2)c(nc1Oc1ccc(F)c(F)c1)-c1ccc(Cl)cc1Cl",7.0969
50204183,"Fc1cc(F)cc(Oc2nc(-c3ccc(Cl)cc3Cl)c(cc2C#N)-c2ccc(Cl)cc2)c1",9.041
50204184,"Fc1cccc(Oc2nc(-c3ccc(Cl)cc3Cl)c(cc2C#N)-c2ccc(Cl)cc2)c1",7.9586
50204185,"Clc1ccc(cc1)-c1cc(C#N)c(Oc2cccc(Cl)c2)nc1-c1ccc(Cl)cc1Cl",8.3979
50204186,"Clc1ccc(cc1)-c1cc(C#N)c(nc1-c1ccccc1Cl)-c1cccnc1",7.5686
50204187,"Clc1ccc(cc1)-c1cc(C#N)c(nc1-c1ccc(Cl)cc1Cl)-n1nnc2ccccc12",8.2441
50204188,"Fc1ccc(Oc2nc(-c3ccc(Cl)cc3Cl)c(cc2C#N)-c2ccc(Cl)cc2)cc1",7.8539
50204189,"CC(C)(C)C(=O)Nc1nc(-c2ccc(Cl)cc2Cl)c(cc1C#N)-c1ccc(Cl)cc1",7.5376
50204190,"CC(C)CNc1nc(-c2ccc(Cl)cc2Cl)c(cc1C#N)-c1ccc(Cl)cc1",7.0506
50204191,"CC(C)(O)C#Cc1nc(-c2ccccc2Cl)c(cc1C#N)-c1ccc(Cl)cc1",7.3565
50204192,"Fc1ccc(Nc2nc(-c3ccc(Cl)cc3Cl)c(cc2C#N)-c2ccc(Cl)cc2)cc1",7.301
50204193,"CC(C)(C)C(=O)N1CCN(CC1)c1nc(-c2ccccc2Cl)c(cc1C#N)-c1ccc(Cl)cc1",7.4318
50204194,"CN(C)NC(=O)c1cc(-c2ccc(Cl)cc2)c(nc1Oc1ccc(F)c(F)c1)-c1ccc(Cl)cc1Cl",8.2518
50204195,"Clc1ccc(Oc2nc(-c3ccc(Cl)cc3Cl)c(cc2C#N)-c2ccc(Cl)cc2)cc1",8.1549
50204196,"CC(C)(C)N1CCN(CC1)c1nc(-c2ccccc2Cl)c(cc1C#N)-c1ccc(Cl)cc1",6.9666
50204197,"Clc1ccc(cc1)-c1cc(C#N)c(OCC2CCOC2)nc1-c1ccc(Cl)cc1Cl",8.1805
50204198,"Fc1ccc(Sc2nc(-c3ccc(Cl)cc3Cl)c(cc2C#N)-c2ccc(Cl)cc2)cc1",6.8125
50204199,"COc1ccc(Oc2nc(-c3ccc(Cl)cc3Cl)c(cc2C#N)-c2ccc(Cl)cc2)cc1",7.585
50204200,"Fc1ccc(cc1F)C(=O)Nc1nc(-c2ccc(Cl)cc2Cl)c(cc1C#N)-c1ccc(Cl)cc1",7.699
50204201,"Cn1cc(cn1)-c1nc(-c2ccccc2Cl)c(cc1C#N)-c1ccc(Cl)cc1",6.7825
50204202,"Fc1ccc(Oc2nc(-c3ccccc3Cl)c(cc2C#N)-c2ccc(Cl)cc2)cc1F",7.6021
50204203,"Clc1ccc(cc1)-c1cc(C#N)c(nc1-c1ccccc1Cl)-c1cncnc1",7.4202
50205157,"C[C@H](NC(=O)Cc1ccccc1)[C@@H](Cc1ccc(Cl)cc1)c1cccc(c1)C#N",7.3556
50205159,"C[C@H](NS(=O)(=O)c1ccc(cc1)-c1ccccc1)[C@@H](Cc1ccc(Cl)cc1)c1cccc(c1)C#N",7.6383
50205160,"C[C@H](NS(=O)(=O)c1ccc(Cl)cc1Cl)[C@@H](Cc1ccc(Cl)cc1)c1cccc(c1)C#N",8.1487
50205161,"C[C@H](NS(=O)(=O)c1cc(Cl)c(Cl)cc1Cl)[C@@H](Cc1ccc(Cl)cc1)c1cccc(c1)C#N",7.7959
50205162,"C[C@H](NC(=O)c1cc(Cl)cc(Cl)c1)[C@@H](Cc1ccc(Cl)cc1)c1cccc(c1)C#N",6.5494
50205163,"C[C@H](NC(=O)CCc1ccccc1)[C@@H](Cc1ccc(Cl)cc1)c1cccc(c1)C#N",7.4168
50205164,"C[C@H](NS(=O)(=O)c1cc(cc(c1)C(F)(F)F)C(F)(F)F)[C@@H](Cc1ccc(Cl)cc1)c1cccc(c1)C#N",8.4949
50205165,"C[C@H](NS(=O)(=O)Cc1ccccc1Cl)[C@@H](Cc1ccc(Cl)cc1)c1cccc(c1)C#N",7.7959
50205166,"C[C@H](NC(=O)C(C)(C)Oc1cncc(c1)C(F)(F)F)[C@@H](Cc1ccc(Cl)cc1)c1cccc(c1)C#N",9.5229
50205167,"C[C@H](NS(=O)(=O)c1cccc(c1)-c1ccccc1)[C@@H](Cc1ccc(Cl)cc1)c1cccc(c1)C#N",8.5528
50205168,"C[C@H](NS(=O)(=O)Cc1cccc(Cl)c1)[C@@H](Cc1ccc(Cl)cc1)c1cccc(c1)C#N",7.2716
50205169,"C[C@H](NS(=O)(=O)c1c(Cl)cccc1Cl)[C@@H](Cc1ccc(Cl)cc1)c1cccc(c1)C#N",7.5258
50205171,"C[C@H](NS(=O)(=O)C(C)(C)C)[C@@H](Cc1ccc(Cl)cc1)c1cccc(c1)C#N",5.7728
50205172,"C[C@H](NS(=O)(=O)c1cc(Cl)ccc1Cl)[C@@H](Cc1ccc(Cl)cc1)c1cccc(c1)C#N",8.1308
50205173,"C[C@H](NS(=O)(=O)CCc1ccccc1)[C@@H](Cc1ccc(Cl)cc1)c1cccc(c1)C#N",7.7144
50205174,"C[C@H](NS(=O)(=O)Cc1ccc(Cl)cc1)[C@@H](Cc1ccc(Cl)cc1)c1cccc(c1)C#N",7.8125
50205175,"C[C@H](NC(=O)c1c(Cl)cccc1Cl)[C@@H](Cc1ccc(Cl)cc1)c1cccc(c1)C#N",7.4295
50205176,"C[C@H](NS(=O)(=O)c1cccc(Cl)c1Cl)[C@@H](Cc1ccc(Cl)cc1)c1cccc(c1)C#N",7.9706
50205177,"C[C@H](NS(=O)(=O)c1ccccc1)[C@@H](Cc1ccc(Cl)cc1)c1cccc(c1)C#N",8.0132
50205178,"C[C@H](NC(=O)c1ccccc1)[C@@H](Cc1ccc(Cl)cc1)c1cccc(c1)C#N",6.0731
50205179,"C[C@H](NS(=O)(=O)c1cc(Cl)cc(Cl)c1)[C@@H](Cc1ccc(Cl)cc1)c1cccc(c1)C#N",7.9431
50205180,"C[C@H](NS(C)(=O)=O)[C@@H](Cc1ccc(Cl)cc1)c1cccc(c1)C#N",5.69
50205181,"C[C@H](NS(=O)(=O)c1cc(F)cc(F)c1)[C@@H](Cc1ccc(Cl)cc1)c1cccc(c1)C#N",8.2924
50205182,"CCCCS(=O)(=O)N[C@@H](C)[C@@H](Cc1ccc(Cl)cc1)c1cccc(c1)C#N",7.1238
50205183,"C[C@H](NS(=O)(=O)c1ccccc1Cl)[C@@H](Cc1ccc(Cl)cc1)c1cccc(c1)C#N",7.9101
50205184,"C[C@H](NS(=O)(=O)Cc1ccccc1)[C@@H](Cc1ccc(Cl)cc1)c1cccc(c1)C#N",7.68
50205185,"C[C@H](NS(=O)(=O)c1ccc2ccccc2c1)[C@@H](Cc1ccc(Cl)cc1)c1cccc(c1)C#N",7.8239
50205186,"C[C@H](NS(=O)(=O)c1cccc2ccccc12)[C@@H](Cc1ccc(Cl)cc1)c1cccc(c1)C#N",7.6757
50205187,"C[C@H](NS(=O)(=O)\C=C\c1ccccc1)[C@@H](Cc1ccc(Cl)cc1)c1cccc(c1)C#N",7.3788
50205188,"C[C@H](NS(=O)(=O)c1ccc(Cl)cc1)[C@@H](Cc1ccc(Cl)cc1)c1cccc(c1)C#N",7.6635
50205189,"C[C@H](NS(=O)(=O)c1cccc(Cl)c1)[C@@H](Cc1ccc(Cl)cc1)c1cccc(c1)C#N",7.857
50212239,"COc1cc(NC(=O)c2ccc(o2)-c2ccc(Cl)cc2)cc(OC)c1",5.0
50217213,"C[C@H](NC(=O)C(C)(C)Oc1ccc(Cl)cn1)[C@@H](Cc1ccc(OCCF)cc1)c1cccc(c1)C#N",9.0969
50217214,"C[C@H](NC(=O)C(C)(C)Oc1cc(ncn1)C(F)(F)F)[C@@H](Cc1ccc(OCCF)cc1)c1cccc(c1)C#N",8.7447
50217215,"C[C@H](NC(=O)C(C)(C)Oc1ccc(cn1)C(F)(F)F)[C@@H](Cc1ccc(OCF)cc1)c1cc(F)cc(c1)C#N",8.699
50217216,"C[C@H](NC(=O)C(C)(C)Oc1ccc(C)cn1)[C@@H](Cc1ccc(OCCF)cc1)c1cccc(c1)C#N",9.1458
50217217,"C[C@H](NC(=O)C(C)(C)Oc1cc(ccn1)C(F)(F)F)[C@@H](Cc1ccc(OCCF)cc1)c1cccc(c1)C#N",9.1135
50217218,"C[C@H](NC(=O)C(C)(C)Oc1ccccn1)[C@@H](Cc1ccc(OCCF)cc1)c1cccc(c1)C#N",8.8861
50217220,"C[C@H](NC(=O)C(C)(C)Oc1cc(C)ccn1)[C@@H](Cc1ccc(OCCF)cc1)c1cccc(c1)C#N",9.3279
50217221,"C[C@H](NC(=O)C(C)(C)Oc1ccc(cn1)C(F)(F)F)[C@@H](Cc1ccc(OCCF)cc1)c1cc(F)cc(c1)C#N",9.0458
50217222,"C[C@H](NC(=O)C(C)(C)Oc1ccc(cn1)C(F)(F)F)[C@@H](Cc1ccc(OCCF)cc1)c1cccc(c1)C#N",9.0458
50217223,"COc1ccc(C[C@H]([C@H](C)NC(=O)C(C)(C)Oc2ccc(cn2)C(F)(F)F)c2cc(F)cc(c2)C#N)cc1",9.0458
50217224,"C[C@H](NC(=O)C(C)(C)Oc1ccc(cn1)C#N)[C@@H](Cc1ccc(OCCF)cc1)c1cccc(c1)C#N",8.7447
50218118,"O=C(c1cccc2ccccc12)c1ccc(OCCN2CCOCC2)c2ccccc12",5.9586
50218119,"CCCCCCOc1ccc(C(=O)c2cccc3ccccc23)c2ccccc12",6.7959
50218120,"CCCOc1ccc(C(=O)c2cccc3ccccc23)c2ccccc12",6.5229
50218121,"CCCCCNc1ccc(C(=O)c2cccc3ccccc23)c2ccccc12",7.6021
50218122,"O=C(c1cccc2ccccc12)c1ccc(OCCc2ccccc2)c2ccccc12",6.0315
50218123,"CCCCOc1ccc(C(=O)c2cccc3ccccc23)c2ccccc12",7.3188
50218270,"Cc1c(s\c(=N/S(=O)(=O)c2cccc3ccccc23)n1CC1CC1)C(C)(C)C",5.7696
50222830,"COCCn1c(C)c(s\c1=N/C(=O)c1cccc(c1)C(F)(F)F)C(C)(C)C",5.3872
50222831,"Cc1c(s\c(=N/C(=O)c2cccc(c2Cl)C(F)(F)F)n1CC1CC1)C(C)(C)C",7.7212
50222832,"Cc1c(sc(=NC(=O)c2cc(ccc2C)C(F)(F)F)n1CC1CC1)C(C)(C)C",5.9208
50222833,"Cc1c(s\c(=N/C(=O)c2cc(ccc2Cl)C(F)(F)F)n1CC1CC1)C(C)(C)C",6.0809
50222834,"COc1ccc(cc1C(=O)\N=c1/sc(c(C)n1CC1CC1)C(C)(C)C)C(F)(F)F",5.7212
50222836,"Cc1c(s\c(=N/C(=O)c2cccc(OC(F)(F)F)c2)n1CC1CC1)C(C)(C)C",5.9586
50222837,"Cc1c(s\c(=N/C(=O)c2cc(ccc2F)C(F)(F)F)n1CC1CC1)C(C)(C)C",5.8239
50222841,"Cc1c(s\c(=N/C(=O)c2cccc(Br)c2)n1CC1CC1)C(C)(C)C",7.2757
50222843,"Cc1c(s\c(=N/C(=O)c2cccc(c2)C(F)(F)F)n1CC1CC1)C(C)(C)C",5.4559
50222844,"CCOCCn1c(C)c(s\c1=N/C(=O)c1cccc(c1)C(F)(F)F)C(C)(C)C",6.1612
50222845,"Cc1c(s\c(=N/C(=O)c2ccccc2C(F)(F)F)n1CC1CC1)C(C)(C)C",6.8539
50234402,"Cc1ccc(cc1S(=O)(=O)N1CCCCC1)C(=O)Nc1ccccc1",5.5
50242537,"Clc1ccc(cc1)C(N1CCN(CC1)C(=O)NC1CCCCCC1)c1cccc(Cl)c1Cl",6.3726
50242539,"CC(C)(C)NC(=O)N1CCN(CC1)C(c1ccc(Cl)cc1)c1cccc(Cl)c1Cl",6.5003
50242548,"Clc1ccc(cc1)C(N1CCN(CC1)C(=O)NC1CCCCC1)c1ccccc1Cl",6.8928
50242549,"Clc1ccc(cc1)C(N1CCN(CC1)C(=O)NC1CCCCCC1)c1ccccc1Cl",6.6459
50242556,"Clc1ccc(cc1)C(N1CCN(CC1)C(=O)NC1CCCCC1)c1cccc(Cl)c1Cl",6.3556
50242557,"Clc1ccc(cc1)C(N1CCN(CC1)C(=O)NC1CCCCCC1)c1ccc(Cl)cc1Cl",6.1373
50242558,"Clc1ccc(cc1)C(N1CCN(CC1)C(=O)NCC1CCCCC1)c1ccc(Cl)cc1Cl",5.983
50242565,"Clc1ccc(cc1)C(N1CCN(CC1)C(=O)NCC1CCCCC1)c1ccccc1Cl",6.5638
50242566,"CC(C)(C)NC(=O)N1CCN(CC1)C(c1ccc(Cl)cc1)c1ccccc1Cl",6.3536
50242567,"Cc1ccccc1C(N1CCN(CC1)C(=O)NC1CCCCC1)c1ccc(Cl)cc1",6.71
50242568,"Cc1ccccc1C(N1CCN(CC1)C(=O)NC1CCCCCC1)c1ccc(Cl)cc1",6.7878
50242598,"Cc1ccccc1C(N1CCN(CC1)C(=O)NCC1CCCCC1)c1ccc(Cl)cc1",6.4685
50242599,"Cc1ccccc1C(N1CCN(CC1)C(=O)NC(C)(C)C)c1ccc(Cl)cc1",6.4763
50242600,"FC(F)(F)c1ccccc1C(N1CCN(CC1)C(=O)NC1CCCCC1)c1ccc(Cl)cc1",6.7305
50242601,"FC(F)(F)c1ccccc1C(N1CCN(CC1)C(=O)NC1CCCCCC1)c1ccc(Cl)cc1",6.6904
50249585,"[2H]C([2H])([18F])Oc1nc(NCCc2ccc(F)cc2)nc(n1)-c1ccc(Cl)c(c1)C(C)(C)O",6.7447
50251115,"FC(F)(F)c1ccccc1C(N1CCN(CC1)C(=O)NCC1CCCCC1)c1ccc(Cl)cc1",6.098
50251130,"Clc1ccccc1C(N1CCN(CC1)C(=O)NC1CCCCC1)c1ccc(Br)cc1",7.202
50251131,"Clc1ccccc1C(N1CCN(CC1)C(=O)NC1CCCCCC1)c1ccc(Br)cc1",7.3063
50251132,"Clc1ccccc1C(N1CCN(CC1)C(=O)NCC1CCCCC1)c1ccc(Br)cc1",6.8356
50251133,"CC(C)(C)NC(=O)N1CCN(CC1)C(c1ccc(Br)cc1)c1ccccc1Cl",6.5436
50253298,"CCCCC#Cc1ccc(s1)-c1c(C)c(nn1-c1ccc(Cl)cc1Cl)C(=O)NN1CCCCCC1",8.7696
50253299,"CCCCCCNC(=O)c1nn(c(c1C)-c1ccc(s1)C#CCCCC)-c1ccc(Cl)cc1Cl",8.585
50253300,"CCCCC#Cc1ccc(s1)-c1c(C)c(nn1-c1ccc(Cl)cc1Cl)C(=O)NC1CCCCC1",8.6778
50253301,"Cc1c(nn(c1-c1ccc(s1)C#CC(C)(C)C)-c1ccc(Cl)cc1Cl)C(=O)NN1CCCCC1",7.4855
50253329,"Cc1c(nn(c1-c1ccc(s1)C#CC(C)(C)C)-c1ccc(Cl)cc1Cl)C(=O)NN1CC2CCCC2C1",7.6635
50253474,"Cc1c(nn(c1-c1ccc(s1)C#CC1CC1)-c1ccc(Cl)cc1Cl)C(=O)NN1CCCCC1",7.219
50253475,"Cc1c(nn(c1-c1ccc(s1)C#CC1CC1)-c1ccc(Cl)cc1Cl)C(=O)NN1CC2CCCC2C1",7.6778
50253476,"Cc1c(nn(c1-c1ccc(s1)C#CC1CCCC1)-c1ccc(Cl)cc1Cl)C(=O)NN1CCCCC1",8.1487
50253477,"Cc1c(nn(c1-c1ccc(s1)C#CC1CCCC1)-c1ccc(Cl)cc1Cl)C(=O)NN1CC2CCCC2C1",7.9788
50253527,"Cc1c(nn(c1-c1ccc(s1)C#CC1CCCCC1)-c1ccc(Cl)cc1Cl)C(=O)NN1CCCCC1",8.1367
50253528,"Cc1c(nn(c1-c1ccc(s1)C#CC1CCCCC1)-c1ccc(Cl)cc1Cl)C(=O)NN1CC2CCCC2C1",8.1079
50253529,"Cc1c(nn(c1-c1ccc(s1)C#CCCc1ccccc1)-c1ccc(Cl)cc1Cl)C(=O)NN1CCCCC1",8.2147
50253530,"COCC#Cc1ccc(s1)-c1c(C)c(nn1-c1ccc(Cl)cc1Cl)C(=O)NN1CCCCC1",7.1851
50253554,"CCOCC#Cc1ccc(s1)-c1c(C)c(nn1-c1ccc(Cl)cc1Cl)C(=O)NN1CCCCC1",7.8962
50253555,"CC(C)OCC#Cc1ccc(s1)-c1c(C)c(nn1-c1ccc(Cl)cc1Cl)C(=O)NN1CCCCC1",7.6345
50253556,"CC(C)NCC#Cc1ccc(s1)-c1c(C)c(nn1-c1ccc(Cl)cc1Cl)C(=O)NN1CCCCC1",7.0841
50253557,"CN(C)CC#Cc1ccc(s1)-c1c(C)c(nn1-c1ccc(Cl)cc1Cl)C(=O)NN1CCCCC1",6.9059
50253587,"Cc1c(nn(c1-c1ccc(s1)C#CCOc1ccccc1)-c1ccc(Cl)cc1Cl)C(=O)NN1CCCCC1",7.3665
50253704,"Cc1c(nn(c1-c1ccc(Br)s1)-c1ccc(Cl)cc1Cl)C(=O)NN1CCCCC1",7.4461
50253705,"Cc1c(nn(c1-c1ccc(Br)s1)-c1ccc(Cl)cc1Cl)C(=O)NN1CCCCCC1",7.3904
50253755,"Cc1c(nn(c1-c1ccc(Cl)s1)-c1ccc(Cl)cc1Cl)C(=O)NN1CCCCC1",7.2993
50253756,"Cc1c(nn(c1-c1ccc(Cl)s1)-c1ccc(Cl)cc1Cl)C(=O)NN1CCCCCC1",6.7994
50253757,"CCCCNC(=O)c1nn(c(c1C)-c1ccc(s1)C#CCCCC)-c1ccc(Cl)cc1Cl",8.5229
50253758,"CCCC#Cc1ccc(s1)-c1c(C)c(nn1-c1ccc(Cl)cc1Cl)C(=O)NN1CCCCC1",8.3889
50253804,"CCCC#Cc1ccc(s1)-c1c(C)c(nn1-c1ccc(Cl)cc1Cl)C(=O)NN1CC2CCCC2C1",8.1024
50253805,"CCCC#Cc1ccc(s1)-c1c(C)c(nn1-c1ccc(Cl)cc1Cl)C(=O)NN1CCCCCC1",8.5378
50253806,"CC(C)CC#Cc1ccc(s1)-c1c(C)c(nn1-c1ccc(Cl)cc1Cl)C(=O)NN1CCCCC1",8.7796
50253807,"CC(C)CC#Cc1ccc(s1)-c1c(C)c(nn1-c1ccc(Cl)cc1Cl)C(=O)NN1CCCCCC1",8.6153
50253843,"CCCC#Cc1ccc(s1)-c1c(CC)c(nn1-c1ccc(Cl)cc1Cl)C(=O)NN1CCCCC1",8.5678
50253844,"CCCC#Cc1ccc(s1)-c1c(CC)c(nn1-c1ccc(Cl)cc1Cl)C(=O)NN1CCCCCC1",8.4857
50253845,"CCc1c(nn(c1-c1ccc(s1)C#CCC(C)C)-c1ccc(Cl)cc1Cl)C(=O)NN1CCCCC1",8.2924
50253846,"CCC\C=C\c1ccc(s1)-c1c(C)c(nn1-c1ccc(Cl)cc1Cl)C(=O)NN1CCCCC1",7.6655
50253881,"CCC\C=C\c1ccc(s1)-c1c(C)c(nn1-c1ccc(Cl)cc1Cl)C(=O)NN1CC2CCCC2C1",7.5607
50253882,"CCCCCc1ccc(s1)-c1c(C)c(nn1-c1ccc(Cl)cc1Cl)C(=O)NN1CCCCC1",7.2373
50253883,"CCCCCc1ccc(s1)-c1c(C)c(nn1-c1ccc(Cl)cc1Cl)C(=O)NN1CC2CCCC2C1",7.6861
50253884,"CCC#Cc1ccc(s1)-c1c(C)c(nn1-c1ccc(Cl)cc1Cl)C(=O)NN1CCCCC1",7.1844
50253915,"CCC#Cc1ccc(s1)-c1c(C)c(nn1-c1ccc(Cl)cc1Cl)C(=O)NN1CC2CCCC2C1",7.5482
50253916,"CCC#Cc1ccc(s1)-c1c(C)c(nn1-c1ccc(Cl)cc1Cl)C(=O)NN1CCCCCC1",7.6162
50253917,"CCCCC#Cc1ccc(s1)-c1c(C)c(nn1-c1ccc(Cl)cc1Cl)C(=O)NN1CCCCC1",8.8539
50253918,"CCCCC#Cc1ccc(s1)-c1c(C)c(nn1-c1ccc(Cl)cc1Cl)C(=O)NN1CC2CCCC2C1",8.8861
50256074,"CCCCOC(=O)Cn1nc(c(n1)-c1ccc(Cl)cc1Cl)-c1ccc(Cl)cc1Cl",5.9306
50256075,"Clc1ccc(-c2nn(CC(=O)N3CCCCC3)nc2-c2ccc(Cl)cc2Cl)c(Cl)c1",6.7724
50256119,"Clc1ccc(-c2nn(CC(=O)NCc3ccccc3)nc2-c2ccc(Cl)cc2Cl)c(Cl)c1",7.1746
50256120,"Clc1ccc(cc1)-c1nn(CC(=O)NCc2ccccc2)nc1-c1ccc(Cl)cc1Cl",6.6914
50256121,"Clc1ccc(-c2nn(CC(=O)NC3CCCCC3)nc2-c2ccc(Cl)cc2Cl)c(Cl)c1",6.8404
50256122,"Fc1ccccc1CNC(=O)Cn1nc(c(n1)-c1ccc(Cl)cc1Cl)-c1ccc(Cl)cc1Cl",7.7144
50256170,"Fc1ccccc1CNC(=O)Cn1nc(c(n1)-c1ccc(Cl)cc1Cl)-c1ccc(Cl)cc1",6.5814
50256171,"Fc1ccc(CNC(=O)Cn2nc(c(n2)-c2ccc(Cl)cc2Cl)-c2ccc(Cl)cc2Cl)cc1",7.9355
50256172,"Fc1ccc(CNC(=O)Cn2nc(c(n2)-c2ccc(Cl)cc2Cl)-c2ccc(Cl)cc2)cc1",6.3476
50256173,"Fc1cccc(CNC(=O)Cn2nc(c(n2)-c2ccc(Cl)cc2Cl)-c2ccc(Cl)cc2Cl)c1",7.5901
50256271,"COc1ccc(CNC(=O)Cn2nc(c(n2)-c2ccc(Cl)cc2Cl)-c2ccc(Cl)cc2Cl)cc1",7.0867
50256272,"Clc1ccc(-c2nn(CC(=O)NCc3ccccc3Cl)nc2-c2ccc(Cl)cc2Cl)c(Cl)c1",7.3107
50256273,"Clc1ccc(CNC(=O)Cn2nc(c(n2)-c2ccc(Cl)cc2Cl)-c2ccc(Cl)cc2Cl)cc1",7.1884
50256274,"Fc1ccc(F)c(CNC(=O)Cn2nc(c(n2)-c2ccc(Cl)cc2Cl)-c2ccc(Cl)cc2Cl)c1",7.6459
50256332,"Clc1ccc(-c2nn(CC(=O)Nc3ccccc3)nc2-c2ccc(Cl)cc2Cl)c(Cl)c1",6.6002
50256747,"Clc1ccc(-c2nn(nc2-c2ccc(Cl)cc2Cl)C(=O)NC23CC4CC(CC(C4)C2)C3)c(Cl)c1",5.3471
50258726,"COc1cc(ccn1)-c1cccc(NC(=O)Nc2ccc(Cl)cc2)c1",6.8761
50258727,"Clc1ccc(NC(=O)Nc2cccc(c2)-c2ccncc2)cc1",6.7496
50258738,"Clc1ccc(NC(=O)Nc2cccc(c2)-c2ccccc2)cc1",6.9272
50258739,"Clc1ccc(NC(=O)Nc2cccc(c2)-c2ccc3OCOc3c2)cc1",7.1549
50258740,"Cc1cccc(c1)-c1cccc(NC(=O)Nc2ccc(Cl)cc2)c1",7.1308
50258766,"[O-][N+](=O)c1cccc(c1)-c1cccc(NC(=O)Nc2ccc(Cl)cc2)c1",6.9567
50258767,"Clc1ccc(NC(=O)Nc2cccc(c2)-c2ccc(Cl)c(Cl)c2)cc1",7.5229
50258768,"Fc1ccc(cc1)-c1cccc(NC(=O)Nc2ccc(Cl)cc2)c1",7.2296
50258769,"Fc1ccc(c(F)c1)-c1cccc(NC(=O)Nc2ccc(Cl)cc2)c1",7.0985
50258770,"Clc1ccc(NC(=O)Nc2cccc(c2)-c2ccc(cc2)-c2ccccc2)cc1",5.8729
50258771,"Clc1ccc(NC(=O)Nc2cccc(c2)-c2ccc3occc3c2)cc1",6.8729
50258772,"Clc1ccc(NC(=O)Nc2cccc(c2)-c2ccc3ccccc3c2)cc1",6.8794
50258781,"Clc1ccc(NC(=O)Nc2cccc(c2)-c2cnc3ccccc3c2)cc1",6.2874
50258782,"Clc1ccc(NC(=O)Nc2cccc(c2)-c2ccc3ccccc3n2)cc1",6.4763
50258783,"Clc1ccc(NC(=O)Nc2cccc(c2)-c2ccc-3c(Cc4ccccc-34)c2)cc1",5.8996
50258784,"Clc1ccc(NC(=O)Nc2cccc(c2)-c2cncnc2)cc1",6.5376
50258785,"Cc1ccccc1-c1cccc(NC(=O)Nc2ccc(Cl)cc2)c1",6.7212
50258786,"COc1cccc(n1)-c1cccc(NC(=O)Nc2ccc(Cl)cc2)c1",6.6364
50258802,"Clc1ccc(NC(=O)Nc2cccc(c2)-c2ccccn2)cc1",6.4525
50258807,"Oc1cccc(c1)-c1cccc(NC(=O)Nc2ccc(Cl)cc2)c1",6.0757
50258818,"CC(C)Oc1cccc(c1)-c1cccc(NC(=O)Nc2ccc(Cl)cc2)c1",6.8508
50258826,"Clc1ccc(NC(=O)Nc2cccc(c2)-c2cc(Cl)cc(Cl)c2)cc1",7.091
50258834,"Clc1ccc(NC(=O)Nc2cccc(c2)-c2c(Cl)cccc2Cl)cc1",6.4711
50258835,"CC(C)(C)c1ccc(cc1)-c1cccc(NC(=O)Nc2ccc(Cl)cc2)c1",6.2284
50258836,"CC(C)(C)c1cc(cc(c1)C(C)(C)C)-c1cccc(NC(=O)Nc2ccc(Cl)cc2)c1",6.3372
50258863,"Clc1ccc(NC(=O)Nc2cccc(c2)-c2ccc(cc2)C(=O)c2ccccc2)cc1",5.8041
50258864,"Cc1ccnc(c1)-c1cccc(NC(=O)Nc2ccc(Cl)cc2)c1",5.8827
50258865,"Clc1ccc(NC(=O)Nc2cccc(c2)-c2cccnc2)cc1",6.6126
50258866,"COc1cccc(c1)-c1cccc(NC(=O)Nc2ccc(Cl)cc2)c1",7.0915
50258867,"Clc1ccc(NC(=O)Nc2cccc(c2)-c2ccc(Cl)cc2)cc1",7.0223
50258868,"Clc1ccc(NC(=O)Nc2cccc(c2)-c2cccc(c2)-c2ccccc2)cc1",6.71
50259094,"CC(C)c1nc2nc(-c3ccccc3Cl)c(cc2c(=O)[nH]1)-c1ccc(Cl)cc1",6.8861
50259136,"CC(C)c1nc(N)c2cc(-c3ccc(Cl)cc3)c(nc2n1)-c1ccccc1Cl",6.7212
50259137,"Cc1nc2nc(-c3ccccc3Cl)c(cc2c(=O)[nH]1)-c1ccc(Cl)cc1",5.6021
50259138,"Cc1nc(N)c2cc(-c3ccc(Cl)cc3)c(nc2n1)-c1ccccc1Cl",5.8239
50259139,"CC(C)(C)c1nc2nc(-c3ccccc3Cl)c(cc2c(=O)[nH]1)-c1ccc(Cl)cc1",8.1308
50259140,"CC(C)(C)c1nc2nc(-c3ccc(Cl)cc3Cl)c(cc2c(=O)[nH]1)-c1ccc(Cl)cc1",8.2218
50259181,"CC(C)(C)c1nc(N)c2cc(-c3ccc(Cl)cc3)c(nc2n1)-c1ccccc1Cl",7.3979
50259182,"CC(C)(C)c1nc(N)c2cc(-c3ccc(Cl)cc3)c(nc2n1)-c1ccc(Cl)cc1Cl",7.9586
50259183,"Clc1ccc(cc1)-c1cc2c(nc([nH]c2=O)-c2ccc(Cl)cc2)nc1-c1ccccc1Cl",7.2291
50259184,"Nc1nc(nc2nc(-c3ccccc3Cl)c(cc12)-c1ccc(Cl)cc1)-c1ccc(Cl)cc1",7.7959
50259222,"CC(C)(C)c1nc(-c2ccc(F)cc2)c2cc(-c3ccc(Cl)cc3)c(nc2n1)-c1ccccc1Cl",9.2007
50259223,"CC(C)(C)c1nc(N2CCNCC2)c2cc(-c3ccc(Cl)cc3)c(nc2n1)-c1ccccc1Cl",8.7212
50259224,"CCN(CC)c1nc(nc2nc(-c3ccccc3Cl)c(cc12)-c1ccc(Cl)cc1)C(C)(C)C",8.6576
50259225,"CC(C)(C)Nc1nc(nc2nc(-c3ccccc3Cl)c(cc12)-c1ccc(Cl)cc1)C(C)(C)C",8.5686
50259269,"CC(C)Nc1nc(nc2nc(-c3ccccc3Cl)c(cc12)-c1ccc(Cl)cc1)C(C)(C)C",8.3872
50259270,"CCN(CC)C(=O)c1nc(NC(C)C)c2cc(-c3ccc(Cl)cc3)c(nc2n1)-c1ccccc1Cl",6.8239
50259271,"COc1nc(nc2nc(-c3ccccc3Cl)c(cc12)-c1ccc(Cl)cc1)C(C)(C)C",8.1249
50259272,"CN(C)c1nc(nc2nc(-c3ccccc3Cl)c(cc12)-c1ccc(Cl)cc1)C(C)(C)C",8.0706
50259336,"CC(C)(C)c1nc(NCC(F)(F)CO)c2cc(-c3ccc(Cl)cc3)c(nc2n1)-c1ccccc1Cl",8.0223
50259337,"CC(C)c1nc(OCc2ncon2)c2cc(-c3ccc(Cl)cc3)c(nc2n1)-c1ccccc1Cl",8.9586
50259338,"CC(C)c1nc2nc(-c3ccccc3Cl)c(cc2c(=O)n1Cc1ncon1)-c1ccc(Cl)cc1",7.0862
50259339,"CC(C)(C)c1nc2nc(-c3ccccc3Cl)c(cc2c2n[nH]c(=O)n12)-c1ccc(Cl)cc1",8.7212
50259389,"CC(C)(C)c1nc2nc(-c3ccccc3Cl)c(cc2c2n[nH]c(=O)n12)-c1cccc(Cl)c1",7.4685
50259390,"CC(C)(C)c1nc2nc(-c3ccccc3Cl)c(cc2c2n[nH]c(=O)n12)-c1ccc(cc1)C#N",8.2291
50259391,"CC(C)(C)c1nc2nc(-c3ccc(cc3Cl)C#N)c(cc2c2n[nH]c(=O)n12)-c1ccc(Cl)cc1",9.0
50259392,"CC(C)(C)c1nc2nc(-c3ccccc3C#N)c(cc2c2n[nH]c(=O)n12)-c1ccc(Cl)cc1",8.4949
50259491,"COc1ccc(cc1)-c1cc2c3n[nH]c(=O)n3c(nc2nc1-c1ccccc1Cl)C(C)(C)C",8.5229
50259492,"CC(C)(C)c1nc2nc(-c3ccccc3Cl)c(cc2c2n[nH]c(=O)n12)-c1ccc(cc1)C(F)(F)F",8.9586
50259493,"CC(=O)c1ccc(cc1)-c1cc2c3n[nH]c(=O)n3c(nc2nc1-c1ccccc1Cl)C(C)(C)C",8.0
50259494,"CN(C)c1ccc(cc1)-c1cc2c3n[nH]c(=O)n3c(nc2nc1-c1ccccc1Cl)C(C)(C)C",7.5528
50259544,"CC(C)(C)c1nc2nc(-c3ccccc3Cl)c(cc2c2n[nH]c(=O)n12)-c1cnccc1C#N",7.0
50259574,"CC(C)(C)c1nc2nc(-c3ccccc3Cl)c(cc2c2nncn12)-c1ccc(Cl)cc1",8.0969
50267256,"Clc1cc(Cl)cc(c1)S(=O)(=O)N1CCN(CC1)C(=O)Cc1ccccn1",5.5229
50267257,"Clc1cc(Cl)cc(c1)S(=O)(=O)N1CCN(CC1)C(=O)Cc1ccc(cc1)C#N",6.7696
50267258,"FC(F)(F)c1ccc(CC(=O)N2CCN(CC2)S(=O)(=O)c2cc(Cl)cc(Cl)c2)cc1",7.7959
50267259,"FC(F)(F)c1cccc(CC(=O)N2CCN(CC2)S(=O)(=O)c2cc(Cl)cc(Cl)c2)c1",6.8239
50267260,"FC(F)(F)c1ccccc1CC(=O)N1CCN(CC1)S(=O)(=O)c1cc(Cl)cc(Cl)c1",6.3279
50267354,"Clc1ccc(cc1)S(=O)(=O)N1CCN(CC1)C(=O)C1CC1",5.4559
50267403,"Clc1ccc(Cl)c(c1)S(=O)(=O)N1CCN(CC1)C(=O)C1CC1",5.1938
50267404,"Clc1cccc(Cl)c1S(=O)(=O)N1CCN(CC1)C(=O)C1CC1",5.0132
50267405,"Clc1cc(Cl)c(c(Cl)c1)S(=O)(=O)N1CCN(CC1)C(=O)C1CC1",5.0132
50267406,"Clc1cc(Cl)c(cc1Cl)S(=O)(=O)N1CCN(CC1)C(=O)C1CC1",5.0132
50267407,"FC(F)(F)c1cccc(c1)S(=O)(=O)N1CCN(CC1)C(=O)C1CCCCC1",5.3768
50267484,"FC(F)(F)c1ccc(CC(=O)N2CCN(CC2)S(=O)(=O)c2cc(cc(c2)C(F)(F)F)C(F)(F)F)cc1",8.301
50267485,"FC(F)(F)c1ccc(CC(=O)N2CCN(CC2)S(=O)(=O)c2cc(Br)cc(c2)C(F)(F)F)cc1",8.2218
50267486,"COC(=O)c1cc(cc(c1)S(=O)(=O)N1CCN(CC1)C(=O)Cc1ccc(cc1)C(F)(F)F)C(F)(F)F",8.301
50267487,"FC(F)(F)c1ccc(CC(=O)N2CCN(CC2)S(=O)(=O)c2cc(cc(c2)C(F)(F)F)C2CC2)cc1",9.1109
50267543,"FC(F)(F)c1ccc(CCC(=O)N2CCN(CC2)S(=O)(=O)c2cc(Cl)cc(Cl)c2)cc1",7.585
50267544,"CC(C(=O)N1CCN(CC1)S(=O)(=O)c1cc(Cl)cc(Cl)c1)c1ccc(cc1)C(F)(F)F",6.3979
50267545,"FC(F)(F)c1ccc(cc1)[C@@H]1C[C@H]1C(=O)N1CCN(CC1)S(=O)(=O)c1cc(cc(c1)C(F)(F)F)C1CC1",9.6505
50267582,"FC(F)(F)c1ccc(cc1)C(=O)N1CCN(CC1)S(=O)(=O)c1cc(cc(c1)C(F)(F)F)C1CC1",7.2822
50267583,"Oc1cc(cc(c1)S(=O)(=O)N1CCN(CC1)C(=O)[C@@H]1C[C@H]1c1ccc(cc1)C(F)(F)F)C(F)(F)F",8.2218
50267584,"COc1cc(cc(c1)S(=O)(=O)N1CCN(CC1)C(=O)[C@@H]1C[C@H]1c1ccc(cc1)C(F)(F)F)C(F)(F)F",9.301
50267585,"CC(C)Oc1cc(cc(c1)S(=O)(=O)N1CCN(CC1)C(=O)[C@@H]1C[C@H]1c1ccc(cc1)C(F)(F)F)C(F)(F)F",9.5229
50267615,"CC(C)(C)C(=O)Oc1cc(cc(c1)S(=O)(=O)N1CCN(CC1)C(=O)[C@@H]1C[C@H]1c1ccc(cc1)C(F)(F)F)C(F)(F)F",8.0969
50267616,"CCC(=O)Oc1cc(cc(c1)S(=O)(=O)N1CCN(CC1)C(=O)[C@@H]1C[C@H]1c1ccc(cc1)C(F)(F)F)C(F)(F)F",8.0969
50267617,"CN(C)C(=O)Oc1cc(cc(c1)S(=O)(=O)N1CCN(CC1)C(=O)[C@@H]1C[C@H]1c1ccc(cc1)C(F)(F)F)C(F)(F)F",8.699
50267650,"OCCc1cc(cc(c1)S(=O)(=O)N1CCN(CC1)C(=O)[C@@H]1C[C@H]1c1ccc(cc1)C(F)(F)F)C(F)(F)F",8.3979
50267651,"CC(C)(O)c1cc(cc(c1)S(=O)(=O)N1CCN(CC1)C(=O)[C@@H]1C[C@H]1c1ccc(cc1)C(F)(F)F)C(F)(F)F",8.0969
50267652,"OCC(F)(F)c1cc(cc(c1)S(=O)(=O)N1CCN(CC1)C(=O)[C@@H]1C[C@H]1c1ccc(cc1)C(F)(F)F)C(F)(F)F",8.301
50267686,"OC(c1cc(cc(c1)S(=O)(=O)N1CCN(CC1)C(=O)[C@@H]1C[C@H]1c1ccc(cc1)C(F)(F)F)C(F)(F)F)C(F)(F)F",8.8239
50267687,"FC(F)(F)c1ccc(cc1)[C@@H]1C[C@H]1C(=O)N1CCN(CC1)S(=O)(=O)c1cc(cc(c1)C(F)(F)F)-n1cccn1",9.1549
50267688,"FC(F)(F)c1ccc(cc1)[C@@H]1C[C@H]1C(=O)N1CCN(CC1)S(=O)(=O)c1cc(cc(c1)C(F)(F)F)-n1nccn1",9.2218
50267728,"FC(F)(F)c1ccc(cc1)[C@@H]1C[C@H]1C(=O)N1CCN(CC1)S(=O)(=O)c1cc(cc(c1)C(F)(F)F)-n1cncn1",8.1549
50267729,"FC(F)(F)c1ccc(cc1)[C@@H]1C[C@H]1C(=O)N1CCN(CC1)S(=O)(=O)c1cc(cc(c1)C(F)(F)F)-n1ccnn1",7.301
50267730,"FC(F)(F)c1ccc(cc1)[C@@H]1C[C@H]1C(=O)N1CCN(CC1)S(=O)(=O)c1cc(cc(c1)C(F)(F)F)-c1ncon1",9.5229
50267771,"FC(F)(F)c1cc(cc(c1)S(=O)(=O)N1CCN(CC1)C(=O)C1CCCCC1)C(F)(F)F",6.585
50267772,"Cc1cc(C)cc(c1)S(=O)(=O)N1CCN(CC1)C(=O)C1CCCCC1",6.3979
50267773,"Clc1cc(Cl)cc(c1)S(=O)(=O)N1CCN(CC1)C(=O)C1CCCCC1",6.3768
50267774,"O=C(C1CCCCC1)N1CCN(CC1)S(=O)(=O)c1cccc2ccccc12",7.0223
50267775,"FC(F)(F)c1ccc(cc1)[C@@H]1C[C@H]1C(=O)N1CCN(CC1)S(=O)(=O)c1cc(cc(c1)C(F)(F)F)-c1cc[nH]n1",9.5229
50267776,"FC(F)(F)c1ccc(cc1)[C@@H]1C[C@H]1C(=O)N1CCN(CC1)S(=O)(=O)c1cc(cc(c1)C(F)(F)F)-c1cn[nH]c1",8.0458
50267777,"Cc1[nH]ncc1-c1cc(cc(c1)S(=O)(=O)N1CCN(CC1)C(=O)[C@@H]1C[C@H]1c1ccc(cc1)C(F)(F)F)C(F)(F)F",7.699
50267820,"O=C(C1CCCCC1)N1CCN(CC1)S(=O)(=O)c1cccc(c1)-c1ccccc1",6.699
50267821,"Clc1cc(Cl)cc(c1)S(=O)(=O)N1CCN(CC1)C(=O)C1CC1",6.1079
50267823,"FC(F)(F)c1ccc(cc1)[C@@H]1C[C@H]1C(=O)N1CCN(CC1)S(=O)(=O)c1cc(cc(c1)C(F)(F)F)-c1nc(=O)o[nH]1",6.699
50267824,"FC(F)(F)c1ccc(cc1)[C@@H]1C[C@H]1C(=O)N1CCN(CC1)S(=O)(=O)c1cc(cc(c1)C(F)(F)F)-c1n[nH]c(=O)o1",7.0
50267825,"FC(F)(F)c1ccc(cc1)[C@@H]1C[C@H]1C(=O)N1CCN(CC1)S(=O)(=O)c1cc(cc(c1)C(F)(F)F)-c1n[nH]c(=O)[nH]1",6.3979
50267869,"CC1CN(CCN1C(=O)C1CCCCC1)S(=O)(=O)c1cccc2ccccc12",6.5086
50267870,"CC1CN(CCN1S(=O)(=O)c1cccc2ccccc12)C(=O)C1CCCCC1",5.3279
50267871,"FC(F)(F)C1CN(CCN1C(=O)C1CCCCC1)S(=O)(=O)c1cccc2ccccc12",6.5376
50267872,"Nc1nnc(o1)-c1cc(cc(c1)S(=O)(=O)N1CCN(CC1)C(=O)[C@@H]1C[C@H]1c1ccc(cc1)C(F)(F)F)C(F)(F)F",6.3979
50267873,"Oc1csc(n1)-c1cc(cc(c1)S(=O)(=O)N1CCN(CC1)C(=O)[C@@H]1C[C@H]1c1ccc(cc1)C(F)(F)F)C(F)(F)F",8.0
50267874,"FC(F)(F)c1ccc(cc1)[C@@H]1C[C@H]1C(=O)N1CCN(CC1)S(=O)(=O)c1cc(cc(c1)C(F)(F)F)-c1c[nH]nn1",8.5229
50267903,"CC1(C)CN(CCN1C(=O)C1CCCCC1)S(=O)(=O)c1cccc2ccccc12",6.1549
50267904,"C[C@H]1CN(C[C@@H](C)N1C(=O)C1CCCCC1)S(=O)(=O)c1cccc2ccccc12",5.5528
50267905,"O=C(C1CCCCC1)N1CCN(CC1c1ccccc1)S(=O)(=O)c1cccc2ccccc12",5.0458
50267906,"O=C(C1CCCCC1)N1C2CCC1CN(C2)S(=O)(=O)c1cccc2ccccc12",5.5086
50267907,"FC(F)(F)c1ccc(cc1)[C@@H]1C[C@H]1C(=O)N1CCN(CC1)S(=O)(=O)c1cc(cc(c1)C(F)(F)F)-c1nnc[nH]1",9.699
50267908,"Cc1nnc([nH]1)-c1cc(cc(c1)S(=O)(=O)N1CCN(CC1)C(=O)[C@@H]1C[C@H]1c1ccc(cc1)C(F)(F)F)C(F)(F)F",8.0
50267941,"Clc1cc(Cl)cc(c1)S(=O)(=O)N1CCN(CC1)C(=O)Cc1ccccc1",6.0969
50267942,"CC(C(=O)N1CCN(CC1)S(=O)(=O)c1cc(Cl)cc(Cl)c1)c1ccccc1",6.6576
50267943,"CC(C)(C(=O)N1CCN(CC1)S(=O)(=O)c1cc(Cl)cc(Cl)c1)c1ccccc1",6.6383
50279009,"CN(C)C(C)(C)C(=O)NC(=O)c1nn(c(c1C)-c1ccc(Cl)cc1)-c1ccc(Cl)cc1Cl",7.0814
50279010,"CN1C(=NC(=O)C1(C)C)c1nn(c(c1C)-c1ccc(Cl)cc1)-c1ccc(Cl)cc1Cl",7.262
50279011,"CCN1C(=NC(=O)C1(C)C)c1nn(c(c1C)-c1ccc(Cl)cc1)-c1ccc(Cl)cc1Cl",6.9706
50279046,"CCCN1C(=NC(=O)C1(C)C)c1nn(c(c1C)-c1ccc(Cl)cc1)-c1ccc(Cl)cc1Cl",6.0687
50279047,"CCCCN1C(=NC(=O)C1(C)C)c1nn(c(c1C)-c1ccc(Cl)cc1)-c1ccc(Cl)cc1Cl",5.9544
50279048,"Cc1c(nn(c1-c1ccc(Cl)cc1)-c1ccc(Cl)cc1Cl)C1=NC(=O)C(C)(C)N1CC=C",6.604
50279049,"Cc1c(nn(c1-c1ccc(Cl)cc1)-c1ccc(Cl)cc1Cl)C1=NC(=O)C(C)(C)N1C1CC1",7.0214
50279084,"Cc1c(nn(c1-c1ccc(Cl)cc1)-c1ccc(Cl)cc1Cl)C1=NC(=O)C(C)(C)N1Cc1ccccc1",6.7055
50279085,"CN1C(=NC(=O)C1(C)C)c1cc(-c2ccc(Cl)cc2)n(n1)-c1ccc(Cl)cc1Cl",6.488
50279086,"CCc1c(nn(c1-c1ccc(Cl)cc1)-c1ccc(Cl)cc1Cl)C1=NC(=O)C(C)(C)N1C",7.8894
50279087,"CN1C(=NC(=O)C1(C)C)c1nn(c(c1C)-c1ccc(Br)cc1)-c1ccc(Cl)cc1Cl",7.3242
50279123,"CCc1c(nn(c1-c1ccc(Br)cc1)-c1ccc(Cl)cc1Cl)C1=NC(=O)C(C)(C)N1C",7.7878
50279124,"COc1ccc(cc1)-c1c(C)c(nn1-c1ccc(Cl)cc1Cl)C1=NC(=O)C(C)(C)N1C",6.6741
50279125,"CN1C(=NC(=O)C1(C)C)c1nn(c(c1C)-c1ccc(cc1)C(F)(F)F)-c1ccc(Cl)cc1Cl",7.7986
50279126,"CN1C(=NC(=S)C1(C)C)c1nn(c(c1C)-c1ccc(Cl)cc1)-c1ccc(Cl)cc1Cl",8.2007
50279166,"CCc1c(nn(c1-c1ccc(Cl)cc1)-c1ccc(Cl)cc1Cl)C1=NC(=S)C(C)(C)N1C",7.9208
50279167,"CN1C(=NC(=O)C1(C)C)c1nn(c(c1Br)-c1ccc(Cl)cc1)-c1ccc(Cl)cc1Cl",7.3716
50279168,"CN1C(=NC(=O)C1(C)C)c1nn(c(c1C1CC1)-c1ccc(Cl)cc1)-c1ccc(Cl)cc1Cl",7.3575
50279169,"Cc1c(nn(c1-c1ccc(Cl)cc1)-c1ccc(Cl)cc1Cl)C1=NC(C)(C)C(=O)N1",7.2725
50279202,"CCc1c(nn(c1-c1ccc(Cl)cc1)-c1ccc(Cl)cc1Cl)C1=NC(C)(C)C(=O)N1",7.4868
50279203,"CCc1c(nn(c1-c1ccc(Cl)cc1)-c1ccc(Cl)cc1Cl)C1=NC2(CCC2)C(=O)N1",7.6421
50279204,"CCc1c(nn(c1-c1ccc(Cl)cc1)-c1ccc(Cl)cc1Cl)C1=NC2(CCCC2)C(=O)N1",7.8356
50279205,"CCc1c(nn(c1-c1ccc(Cl)cc1)-c1ccc(Cl)cc1Cl)C1=NC2(CCCCC2)C(=O)N1",7.9101
50279239,"CN1C(=NC(C)(C)C1=O)c1nn(c(c1C)-c1ccc(Cl)cc1)-c1ccc(Cl)cc1Cl",7.4737
50279240,"CCc1c(nn(c1-c1ccc(Cl)cc1)-c1ccc(Cl)cc1Cl)C1=NC(C)(C)C(=O)N1C",7.4711
50301027,"C[C@H](NC(=O)C(C)(C)Nc1ccc(cn1)C(F)(F)F)[C@@H](Cc1ccc(Cl)cc1)c1cccc(c1)C#N",8.1249
50301028,"C[C@H](NC(=O)C(C)(C)Nc1ncc(Cl)cc1Cl)[C@@H](Cc1ccc(Cl)cc1)c1cccc(c1)C#N",7.9136
50301029,"C[C@H](NC(=O)C(C)(C)Nc1ncc(cc1Cl)C(F)(F)F)[C@@H](Cc1ccc(Cl)cc1)c1cccc(c1)C#N",7.7471
50301030,"C[C@H](NC(=O)C(C)(C)Nc1cc(ccn1)C(F)(F)F)[C@@H](Cc1ccc(Cl)cc1)c1cccc(c1)C#N",8.7959
50301031,"C[C@H](NC(=O)C(C)(C)Nc1cc(C)ccn1)[C@@H](Cc1ccc(Cl)cc1)c1cccc(c1)C#N",7.4237
50301032,"C[C@H](NC(=O)C(C)(C)Nc1ccccn1)[C@@H](Cc1ccc(Cl)cc1)c1cccc(c1)C#N",7.3098
50301033,"C[C@H](NC(=O)C(C)(C)Nc1ccncn1)[C@@H](Cc1ccc(Cl)cc1)c1cccc(c1)C#N",7.308
50301034,"C[C@H](NC(=O)C(C)(C)Nc1cc(C)no1)[C@@H](Cc1ccc(Cl)cc1)c1cccc(c1)C#N",7.3363
50301035,"C[C@H](NC(=O)C(C)(C)Nc1ccon1)[C@@H](Cc1ccc(Cl)cc1)c1cccc(c1)C#N",7.3215
50301036,"C[C@H](NC(=O)C(C)(C)Nc1cc(C)on1)[C@@H](Cc1ccc(Cl)cc1)c1cccc(c1)C#N",7.71
50301037,"C[C@H](NC(=O)C(C)(C)Nc1cc(on1)C(C)(C)C)[C@@H](Cc1ccc(Cl)cc1)c1cccc(c1)C#N",8.0655
50301038,"C[C@H](NC(=O)C(C)(C)Nc1cc(on1)-c1ccccc1)[C@@H](Cc1ccc(Cl)cc1)c1cccc(c1)C#N",6.7305
50301039,"C[C@H](NC(=O)C(C)(C)Nc1cc(C)n[nH]1)[C@@H](Cc1ccc(Cl)cc1)c1cccc(c1)C#N",6.5214
50301040,"C[C@H](NC(=O)C(C)(C)Nc1ccnn1C)[C@@H](Cc1ccc(Cl)cc1)c1cccc(c1)C#N",6.6925
50301041,"C[C@H](NC(=O)C(C)(C)Nc1nc2ccccc2n1C)[C@@H](Cc1ccc(Cl)cc1)c1cccc(c1)C#N",7.0132
50301042,"C[C@H](NC(=O)C(C)(C)Nc1cc2ccccc2cn1)[C@@H](Cc1ccc(Cl)cc1)c1cccc(c1)C#N",7.9957
50301043,"C[C@H](NC(=O)C(C)(C)NCCCN(C)C)[C@@H](Cc1ccc(Cl)cc1)c1cccc(c1)C#N",5.5255
50301044,"C[C@H](NC(C)(C)C(=O)Nc1ccc(cn1)C(F)(F)F)[C@@H](Cc1ccc(Cl)cc1)c1cccc(c1)C#N",6.8794
50301045,"C[C@H](NC(C)(C)C(=O)Nc1cc(on1)-c1ccccc1)[C@@H](Cc1ccc(Cl)cc1)c1cccc(c1)C#N",6.8665
50305388,"OC1(Cc2ccccc2)CCN(CC1)C(=O)c1nn(c(c1CC#N)-c1ccc(Cl)cc1)-c1ccccc1Cl",8.4685
50305389,"Fc1ccc(cc1)C1CCCN1C(=O)c1nn(c(c1CC#N)-c1ccc(Cl)cc1)-c1ccccc1Cl",7.5686
50305390,"Fc1ccc(CO[C@@H]2CCN(C2)C(=O)c2nn(c(c2CC#N)-c2ccc(Cl)cc2)-c2ccccc2Cl)cc1",7.699
50305391,"CS(=O)(=O)C1CCN(CC1)C(=O)c1nn(c(c1CC#N)-c1ccc(Cl)cc1)-c1ccccc1Cl",7.7696
50305392,"CC(=O)C1CCN(CC1)C(=O)c1nn(c(c1CC#N)-c1ccc(Cl)cc1)-c1ccccc1Cl",6.7011
50305393,"COC(=O)c1ccccc1C1CCN(CC1)C(=O)c1nn(c(c1CC#N)-c1ccc(Cl)cc1)-c1ccccc1Cl",8.6576
50305394,"OC(=O)c1ccccc1C1CCN(CC1)C(=O)c1nn(c(c1CC#N)-c1ccc(Cl)cc1)-c1ccccc1Cl",5.5513
50305395,"Fc1ccc(CNC(=O)c2nn(c(c2CC#N)-c2ccc(Cl)cc2)-c2ccccc2Cl)cc1",8.6778
50305396,"Clc1ccc(CNC(=O)c2nn(c(c2CC#N)-c2ccc(Cl)cc2)-c2ccccc2Cl)cc1",8.9208
50305397,"Clc1ccc(cc1)-c1c(CC#N)c(nn1-c1ccccc1Cl)C(=O)NCc1ccc(Br)cc1",8.5787
50305398,"Clc1ccc(cc1)-c1c(CC#N)c(nn1-c1ccccc1Cl)C(=O)NCc1cccc(Cl)c1",8.585
50305399,"Fc1ccccc1CNC(=O)c1nn(c(c1CC#N)-c1ccc(Cl)cc1)-c1ccccc1Cl",8.3872
50305400,"Clc1ccc(cc1)-c1c(CC#N)c(nn1-c1ccccc1Cl)C(=O)NCc1ccc(cc1)C#N",8.3768
50305401,"Clc1ccc(cc1)-c1c(CC#N)c(nn1-c1ccccc1Cl)C(=O)NCc1ccc(Cl)cc1Cl",8.7959
50305402,"Clc1ccc(cc1)-c1c(CC#N)c(nn1-c1ccccc1Cl)C(=O)NCc1c(Cl)cccc1Cl",8.1549
50305403,"Fc1cc(Br)ccc1CNC(=O)c1nn(c(c1CC#N)-c1ccc(Cl)cc1)-c1ccccc1Cl",9.2924
50305404,"Fc1ccc(CNC(=O)c2nn(c(c2CC#N)-c2ccc(Cl)cc2)-c2ccccc2Cl)cc1Br",9.1549
50305405,"CN(Cc1ccc(F)cc1)C(=O)c1nn(c(c1CC#N)-c1ccc(Cl)cc1)-c1ccccc1Cl",8.2518
50305406,"Clc1ccc(cc1)-c1c(CC#N)c(nn1-c1ccccc1Cl)C(=O)NCCN1CCCCC1",5.9547
50305407,"Fc1ccc(NC(=O)c2nn(c(c2CC#N)-c2ccc(Cl)cc2)-c2ccccc2Cl)cc1",7.9586
50305408,"Clc1ccc(cc1)-c1c(CC#N)c(nn1-c1ccccc1Cl)C(=O)Nc1cccnc1",7.2441
50305409,"FC(F)(F)c1ccc(NC(=O)c2nn(c(c2CC#N)-c2ccc(Cl)cc2)-c2ccccc2Cl)cn1",7.8539
50305410,"Clc1ccc(cc1)-c1c(CC#N)c(nn1-c1ccccc1Cl)C(=O)Nc1cccnc1Cl",7.7447
50305411,"Clc1ccc(cc1)-c1c(CC#N)c(nn1-c1ccccc1Cl)C(=O)Nc1cnc2ccccc2c1",7.7212
50305412,"Clc1ccc(cc1)-c1c(CC#N)c(nn1-c1ccccc1Cl)C(=O)Nc1ccc(CC#N)cc1",7.2596
50305413,"Clc1ccc(cc1)-c1c(CC#N)c(nn1-c1ccccc1Cl)C(=O)NCCc1ccccc1",7.7959
50305414,"Cc1cc(CNC(=O)c2nn(c(c2CC#N)-c2ccc(Cl)cc2)-c2ccccc2Cl)no1",7.8239
50305415,"Clc1ccc(cc1)-c1c(CC#N)c(nn1-c1ccccc1Cl)C(=O)NC1CCc2ccccc12",9.3872
50305416,"O[C@H]1Cc2ccccc2[C@H]1NC(=O)c1nn(c(c1CC#N)-c1ccc(Cl)cc1)-c1ccccc1Cl",8.1079
50305417,"O[C@@H]1Cc2ccccc2[C@@H]1NC(=O)c1nn(c(c1CC#N)-c1ccc(Cl)cc1)-c1ccccc1Cl",8.7696
50305418,"CCC(CC)NC(=O)c1nn(c(c1CC#N)-c1ccc(Cl)cc1)-c1ccccc1Cl",8.2366
50305419,"Clc1ccc(cc1)-c1c(CC#N)c(nn1-c1ccccc1Cl)C(=O)NC1CCCCC1",8.7212
50305420,"Clc1ccc(cc1)-c1c(CC#N)c(nn1-c1ccccc1Cl)C(=O)NN1CCCCC1",8.4348
50305421,"Clc1ccc(cc1)-c1c(CC#N)c(nn1-c1ccccc1Cl)C(=O)NN1CCOCC1",7.1487
50305422,"Clc1ccc(cc1)-c1c(CC#N)c(nn1-c1ccccc1Cl)C(=O)NC1CCCCCC1",9.3098
50305423,"Clc1ccc(cc1)-c1c(CC#N)c(nn1-c1ccccc1Cl)C(=O)NN1CCCCCC1",9.284
50305424,"C[C@H]1CC[C@@H](CC1)NC(=O)c1nn(c(c1CC#N)-c1ccc(Cl)cc1)-c1ccccc1Cl",8.7959
50305425,"Clc1ccc(cc1)-c1c(CC#N)c(nn1-c1ccccc1Cl)C(=O)N[C@@H]1C[C@H]2CC[C@@H]1C2",8.6576
50305426,"CS(=O)(=O)N1CCC(CC1)NC(=O)c1nn(c(c1CC#N)-c1ccc(Cl)cc1)-c1ccccc1Cl",7.5086
50305427,"COC(=O)C(Cc1ccccc1)NC(=O)c1nn(c(c1CC#N)-c1ccc(Cl)cc1)-c1ccccc1Cl",8.9208
50305428,"COC(=O)C(NC(=O)c1nn(c(c1CC#N)-c1ccc(Cl)cc1)-c1ccccc1Cl)C(C)C",8.1367
50305429,"OC(=O)C(Cc1ccccc1)NC(=O)c1nn(c(c1CC#N)-c1ccc(Cl)cc1)-c1ccccc1Cl",5.3516
50305430,"CC(C)C(NC(=O)c1nn(c(c1CC#N)-c1ccc(Cl)cc1)-c1ccccc1Cl)C(O)=O",5.2041
50305431,"Clc1ccc(cc1)-c1c(CC#N)c(nn1-c1ccccc1Cl)C(=O)N1CCN(CC1)c1ccccc1",7.8861
50305432,"Fc1ccc(cc1)C1CCN(CC1)C(=O)c1nn(c(c1CC#N)-c1ccc(Cl)cc1)-c1ccccc1Cl",9.0
50305433,"Clc1ccc(cc1)-c1c(CC#N)c(nn1-c1ccccc1Cl)C(=O)N1CCN(CC1)c1ncccn1",8.4202
50305434,"Fc1ccc(cc1)C1CCN(C1)C(=O)c1nn(c(c1CC#N)-c1ccc(Cl)cc1)-c1ccccc1Cl",8.0362
50305435,"OC1(CCN(CC1)C(=O)c1nn(c(c1CC#N)-c1ccc(Cl)cc1)-c1ccccc1Cl)c1ccc(F)cc1",8.5229
50305436,"Fc1ccc(cc1)C1CCCCN1C(=O)c1nn(c(c1CC#N)-c1ccc(Cl)cc1)-c1ccccc1Cl",7.6383
50305437,"Clc1ccc(cc1)-c1c(CC#N)c(nn1-c1ccccc1Cl)C(=O)N1CCc2ccccc2C1",8.2441
50305438,"FC(F)(F)c1ccc2CCN(Cc2c1)C(=O)c1nn(c(c1CC#N)-c1ccc(Cl)cc1)-c1ccccc1Cl",8.6778
50305439,"Fc1ccc2CN(Cc2c1)C(=O)c1nn(c(c1CC#N)-c1ccc(Cl)cc1)-c1ccccc1Cl",8.2441
50305440,"Clc1ccc(cc1)-c1c(CC#N)c(nn1-c1ccccc1Cl)C(=O)N1Cc2ccc(Br)cc2C1",9.6576
50305984,"COCc1nc(-c2ccc(Cl)cc2)c(nc1C(=S)NC1CCC(F)(F)CC1)-c1ccc(Cl)cc1",8.6198
50305985,"COCc1nc(-c2ccc(Cl)cc2)c(nc1C(=O)NC1CCC(F)(F)CC1)-c1ccc(Cl)cc1",8.5376
50305986,"Clc1ccc(cc1)-c1ncc(nc1-c1ccc(Cl)cc1)C(=S)NC1CCCCC1",8.2366
50305987,"FC1(F)CCC(CC1)NC(=S)c1cnc(-c2ccc(Cl)cc2)c(n1)-c1ccc(Cl)cc1",8.3468
50305988,"FC1(F)CCC(CC1)NC(=O)c1cnc(-c2ccc(Cl)cc2)c(n1)-c1ccc(Cl)cc1",8.2757
50306214,"NC(=O)Cc1c(nn(c1-c1ccc(Cl)cc1)-c1ccccc1Cl)C(=O)NN1CCCCC1",8.8949
50306215,"NC(=N)Cc1c(nn(c1-c1ccc(Cl)cc1)-c1ccccc1Cl)C(=O)NN1CCCCC1",9.2147
50306216,"ONC(=N)Cc1c(nn(c1-c1ccc(Cl)cc1)-c1ccccc1Cl)C(=O)NN1CCCCC1",8.8154
50306217,"NC(=O)Cc1c(nn(c1-c1ccc(Cl)cc1)-c1ccccc1Cl)C(=O)NN1CCOCC1",8.3423
50306218,"NC(=N)Cc1c(nn(c1-c1ccc(Cl)cc1)-c1ccccc1Cl)C(=O)NN1CCOCC1",7.585
50306219,"ONC(=N)Cc1c(nn(c1-c1ccc(Cl)cc1)-c1ccccc1Cl)C(=O)NN1CCOCC1",7.2924
50306220,"NC(=O)Cc1c(nn(c1-c1ccc(Cl)cc1)-c1ccccc1Cl)C(=O)N1CCC(CC1)c1ccccc1F",9.2924
50306221,"ONC(=N)Cc1c(nn(c1-c1ccc(Cl)cc1)-c1ccccc1Cl)C(=O)N1CCC(CC1)c1ccccc1F",9.2676
50306222,"NC(=O)Cc1c(nn(c1-c1ccc(Cl)cc1)-c1ccccc1Cl)C(=O)N1CCC(O)(CC1)c1ccc(F)cc1",9.4354
50306223,"NC(=N)Cc1c(nn(c1-c1ccc(Cl)cc1)-c1ccccc1Cl)C(=O)N1CCC(O)(CC1)c1ccc(F)cc1",8.7212
50306224,"Clc1ccc(cc1)-c1c(CC#N)c(nn1-c1ccccc1Cl)C(=O)N1CCC(CC1)c1ncccn1",8.4202
50306225,"NC(=O)Cc1c(nn(c1-c1ccc(Cl)cc1)-c1ccccc1Cl)C(=O)N1CCC(CC1)c1ncccn1",9.1752
50306226,"NC(=N)Cc1c(nn(c1-c1ccc(Cl)cc1)-c1ccccc1Cl)C(=O)N1CCC(CC1)c1ncccn1",8.6212
50306227,"ONC(=N)Cc1c(nn(c1-c1ccc(Cl)cc1)-c1ccccc1Cl)C(=O)N1CCC(CC1)c1ncccn1",7.6778
50306228,"NC(=N)Cc1c(nn(c1-c1ccc(Cl)cc1)-c1ccccc1Cl)C(=O)Nc1ccc(F)cc1",8.8239
50306229,"ONC(=N)Cc1c(nn(c1-c1ccc(Cl)cc1)-c1ccccc1Cl)C(=O)Nc1ccc(F)cc1",8.9586
50306230,"NC(=N)Cc1c(nn(c1-c1ccc(Cl)cc1)-c1ccccc1Cl)C(=O)NCc1ccc(F)cc1",9.0116
50306231,"Cc1ccncc1NC(=O)c1nn(c(c1CC(N)=O)-c1ccc(Cl)cc1)-c1ccccc1Cl",8.8507
50306232,"NC(=O)Cc1c(nn(c1-c1ccc(Cl)cc1)-c1ccccc1Cl)C(=O)NCC1CCN(CC1)C#N",9.3196
50306233,"NC(=O)Cc1c(nn(c1-c1ccc(Cl)cc1)-c1ccccc1Cl)C(=O)N1CCN(CC1)c1ccc(cn1)C#N",8.704
50306234,"NC(=O)Cc1c(nn(c1-c1ccc(Cl)cc1)-c1ccccc1Cl)C(=O)N1CCC(CC1)(C#N)c1ccccc1",9.5683
50306235,"NC(=O)Cc1c(nn(c1-c1ccc(Cl)cc1)-c1ccccc1Cl)C(=O)N1CCC(O)(CC1)c1ccccc1",9.3604
50306236,"NC(=O)Cc1c(nn(c1-c1ccc(Cl)cc1)-c1ccccc1Cl)C(=O)N1CCC(O)(CC1)c1ccccn1",8.6213
50306237,"NC(=O)Cc1c(nn(c1-c1ccc(Cl)cc1)-c1ccccc1Cl)C(=O)N1CCC(CC1)(C(O)=O)c1ccccn1",7.8114
50306238,"NC(=O)Cc1c(nn(c1-c1ccc(Cl)cc1)-c1ccccc1Cl)C(=O)N1CCC(CC1)(C(O)=O)c1ccc(F)cn1",7.5229
50306239,"NC(=O)Cc1c(nn(c1-c1ccc(Cl)cc1)-c1ccccc1Cl)C(=O)NC1CCN(CC1)C(=O)C1CC1",8.6763
50306240,"NC(=O)Cc1c(nn(c1-c1ccc(Cl)cc1)-c1ccccc1Cl)C(=O)N1CCC(O)(CC1)c1ccc(F)cn1",8.4687
50309995,"Cc1cc(Br)ccc1CNC(=O)c1nn(c(c1Cn1cncn1)-c1ccc(Br)cc1)-c1ccc(Cl)cc1Cl",7.5498
50310000,"Cc1cc(Br)ccc1CNC(=O)c1nn(c(c1Cn1cncn1)-c1ccc(Br)cc1)-c1ccccc1Cl",8.6003
50314108,"CC(C)(O)C(=O)c1oc2nc(-c3ccccc3Cl)c(cc2c1NC(=O)CO)-c1ccc(Cl)cc1",8.3665
50314109,"CC(=O)c1oc2nc(-c3ccc(Cl)cc3Cl)c(cc2c1N)-c1ccc(Cl)cc1",7.2518
50314110,"CCC(=O)c1oc2nc(-c3ccc(Cl)cc3Cl)c(cc2c1N)-c1ccc(Cl)cc1",7.7696
50314111,"CCC(=O)c1oc2nc(-c3ccccc3Cl)c(cc2c1N)-c1ccc(Cl)cc1",7.8861
50314112,"CC(C)C(=O)c1oc2nc(-c3ccc(Cl)cc3Cl)c(cc2c1N)-c1ccc(Cl)cc1",8.7212
50314113,"CC(C)C(=O)c1oc2nc(-c3ccccc3Cl)c(cc2c1N)-c1ccc(Cl)cc1",8.7696
50314114,"Nc1c(oc2nc(-c3ccc(Cl)cc3Cl)c(cc12)-c1ccc(Cl)cc1)C(=O)c1ccccc1",8.4559
50314115,"CC(C)(C)C(=O)c1oc2nc(-c3ccc(Cl)cc3Cl)c(cc2c1N)-c1ccc(Cl)cc1",8.2596
50314116,"CC(C)(C)C(=O)c1oc2nc(-c3ccccc3Cl)c(cc2c1N)-c1ccc(Cl)cc1",8.3665
50314117,"CC(C)(O)C(=O)c1oc2nc(-c3ccccc3Cl)c(cc2c1N)-c1ccc(Cl)cc1",7.699
50314118,"CC(=O)Nc1c(oc2nc(-c3ccccc3Cl)c(cc12)-c1ccc(Cl)cc1)C(=O)C(C)(C)C",9.2366
50314119,"CN(C)C(=O)Nc1c(oc2nc(-c3ccccc3Cl)c(cc12)-c1ccc(Cl)cc1)C(=O)C(C)(C)C",9.4089
50314120,"CNCC(=O)Nc1c(oc2nc(-c3ccccc3Cl)c(cc12)-c1ccc(Cl)cc1)C(=O)C(C)(C)C",8.9208
50314121,"CC(C)(C)C(=O)c1oc2nc(-c3ccccc3Cl)c(cc2c1NC(=O)CO)-c1ccc(Cl)cc1",8.9208
50314122,"CC(C)C(=O)c1oc2nc(-c3ccccc3Cl)c(cc2c1NC(=O)CO)-c1ccc(Cl)cc1",9.3979
50314123,"CC(=O)Nc1c(oc2nc(-c3ccccc3Cl)c(cc12)-c1ccc(Cl)cc1)C(=O)C(C)(C)O",8.2676
50316513,"Cc1cc([nH]n1)C(=O)N[C@@H]1CC(C)(C)Oc2nc(-c3ccc(Cl)cc3Cl)c(cc12)-c1ccc(Cl)cc1",9.0
50316514,"C[C@H](O)C(=O)NC1CC(C)(C)Oc2nc(-c3ccc(Cl)cc3Cl)c(cc12)-c1ccc(Cl)cc1",8.4209
50316515,"CC(C)(O)C(=O)NC1CC(C)(C)Oc2nc(-c3ccc(Cl)cc3Cl)c(cc12)-c1ccc(Cl)cc1",8.7696
50316516,"CC1(C)CC(NC(=O)C2(O)CC2)c2cc(-c3ccc(Cl)cc3)c(nc2O1)-c1ccc(Cl)cc1Cl",8.1871
50316517,"Cc1cc(Cl)ccc1-c1nc2OC(C)(C)CC(NC(=O)C(O)C(F)(F)F)c2cc1-c1ccc(Cl)cc1",8.7447
50316518,"CC(O)(C(=O)NC1CC(C)(C)Oc2nc(-c3ccc(Cl)cc3Cl)c(cc12)-c1ccc(Cl)cc1)C(F)(F)F",9.1549
50316519,"CC1(C)CC(NC(=O)CC(O)C(F)(F)F)c2cc(-c3ccc(Cl)cc3)c(nc2O1)-c1ccc(Cl)cc1Cl",9.1549
50316520,"CC1(C)CC(NC(=O)C(F)(F)CO)c2cc(-c3ccc(Cl)cc3)c(nc2O1)-c1ccc(Cl)cc1Cl",9.2218
50316521,"CC1(C)C[C@@H](NC(=O)c2ccccc2O)c2cc(-c3ccc(Cl)cc3)c(nc2O1)-c1ccc(Cl)cc1Cl",8.3979
50316522,"CC1(C)C[C@@H](NC(=O)c2ccccc2N)c2cc(-c3ccc(Cl)cc3)c(nc2O1)-c1ccc(Cl)cc1Cl",8.8861
50316523,"CCc1cc([nH]n1)C(=O)N[C@@H]1CC(C)(C)Oc2nc(-c3ccc(Cl)cc3Cl)c(cc12)-c1ccc(Cl)cc1",8.6778
50316524,"Cc1cn[nH]c1C(=O)N[C@@H]1CC(C)(C)Oc2nc(-c3ccc(Cl)cc3Cl)c(cc12)-c1ccc(Cl)cc1",9.699
50316525,"Cc1n[nH]c(C(=O)N[C@@H]2CC(C)(C)Oc3nc(-c4ccc(Cl)cc4Cl)c(cc23)-c2ccc(Cl)cc2)c1C",9.301
50316526,"CC1(C)C[C@@H](NC(=O)c2[nH]nc3CCCc23)c2cc(-c3ccc(Cl)cc3)c(nc2O1)-c1ccc(Cl)cc1Cl",8.8539
50316527,"CC1(C)C[C@@H](NC(=O)c2cn[nH]c2)c2cc(-c3ccc(Cl)cc3)c(nc2O1)-c1ccc(Cl)cc1Cl",9.699
50316528,"Cc1[nH]ncc1C(=O)N[C@@H]1CC(C)(C)Oc2nc(-c3ccc(Cl)cc3Cl)c(cc12)-c1ccc(Cl)cc1",9.5229
50316529,"Cc1n[nH]c(C)c1C(=O)N[C@@H]1CC(C)(C)Oc2nc(-c3ccc(Cl)cc3Cl)c(cc12)-c1ccc(Cl)cc1",9.699
50316530,"Cc1nnc([nH]1)C(=O)N[C@@H]1CC(C)(C)Oc2nc(-c3ccc(Cl)cc3Cl)c(cc12)-c1ccc(Cl)cc1",8.699
50316531,"CC1(C)C[C@@H](NC(=O)c2n[nH]c3ccccc23)c2cc(-c3ccc(Cl)cc3)c(nc2O1)-c1ccc(Cl)cc1Cl",9.2218
50316532,"CC1(C)C[C@@H](NC(=O)c2ccc3[nH]ncc3c2)c2cc(-c3ccc(Cl)cc3)c(nc2O1)-c1ccc(Cl)cc1Cl",9.2218
50316533,"CC1(C)C[C@@H](NC(=O)c2cccc3[nH]ncc23)c2cc(-c3ccc(Cl)cc3)c(nc2O1)-c1ccc(Cl)cc1Cl",8.8861
50316534,"CC(=O)N[C@@H]1CC(C)(C)Oc2nc(-c3ccc(Cl)cc3Cl)c(cc12)-c1ccc(Cl)cc1",8.9208
50316535,"CC(=O)N[C@H]1CC(C)(C)Oc2nc(-c3ccc(Cl)cc3Cl)c(cc12)-c1ccc(Cl)cc1",7.2518
50316536,"CC1(C)C[C@@H](NC(=O)CC(O)(C(F)(F)F)C(F)(F)F)c2cc(-c3ccc(Cl)cc3)c(nc2O1)-c1ccc(Cl)cc1Cl",8.9586
50316537,"CC1(C)C[C@H](NC(=O)CC(O)(C(F)(F)F)C(F)(F)F)c2cc(-c3ccc(Cl)cc3)c(nc2O1)-c1ccc(Cl)cc1Cl",6.3188
50316538,"Cc1cc([nH]n1)C(=O)N[C@H]1CC(C)(C)Oc2nc(-c3ccc(Cl)cc3Cl)c(cc12)-c1ccc(Cl)cc1",8.1163
50318477,"C\C=C\C=C\C=C/CC\C=C\C(=O)NCC(C)(C)O",5.1308
50320172,"CC1(C)CC(N)c2cc(-c3ccc(Cl)cc3)c(nc2O1)-c1ccc(Cl)cc1Cl",6.9586
50320173,"CC1(C)CC(NC(=O)CO)c2cc(-c3ccc(Cl)cc3)c(nc2O1)-c1ccccc1Cl",7.3372
50320174,"CC1(C)CC(NC(=O)CO)c2cc(-c3ccc(Cl)cc3)c(nc2O1)-c1ccc(Cl)cc1Cl",8.7696
50320175,"CC(C)(CO)C(=O)NC1CC(C)(C)Oc2nc(-c3ccc(Cl)cc3Cl)c(cc12)-c1ccc(Cl)cc1",8.6778
50320176,"CC1(C)CC(NC(=O)CCO)c2cc(-c3ccc(Cl)cc3)c(nc2O1)-c1ccc(Cl)cc1Cl",8.7696
50320177,"C[C@@H](O)C(=O)NC1CC(C)(C)Oc2nc(-c3ccc(Cl)cc3Cl)c(cc12)-c1ccc(Cl)cc1",8.5229
50320178,"CC1(C)CC(C(N)=O)c2cc(-c3ccc(Cl)cc3)c(nc2O1)-c1ccc(Cl)cc1Cl",7.0132
50320179,"CC(C)(CO)NC(=O)C1CC(C)(C)Oc2nc(-c3ccc(Cl)cc3Cl)c(cc12)-c1ccc(Cl)cc1",7.8539
50320180,"CN1c2nc(-c3ccc(Cl)cc3Cl)c(cc2C(CC1(C)C)C(=O)NCO)-c1ccc(Cl)cc1",8.4318
50320181,"C[C@@H](O)NC(=O)C1CC(C)(C)N(C)c2nc(-c3ccc(Cl)cc3Cl)c(cc12)-c1ccc(Cl)cc1",8.7447
50320182,"CN1CCC2(CC1)CC(=O)c1cc(-c3ccc(Cl)cc3)c(nc1O2)-c1ccccc1Cl",6.1024
50320183,"CC(=O)NC1CC2(CCCCC2)Oc2nc(-c3ccccc3Cl)c(cc12)-c1ccc(Cl)cc1",8.8861
50320184,"OCC(=O)NC1CC2(CCCCC2)Oc2nc(-c3ccccc3Cl)c(cc12)-c1ccc(Cl)cc1",9.5229
50320185,"CC(C)(O)C(=O)NC1CC2(CCCCC2)Oc2nc(-c3ccccc3Cl)c(cc12)-c1ccc(Cl)cc1",9.1549
50320186,"C[C@H](O)C(=O)NC1CC2(CCCCC2)Oc2nc(-c3ccccc3Cl)c(cc12)-c1ccc(Cl)cc1",9.3979
50320187,"C[C@@H](O)C(=O)NC1CC2(CCCCC2)Oc2nc(-c3ccccc3Cl)c(cc12)-c1ccc(Cl)cc1",9.699
50320188,"CC1(C)CC(O)c2cc(-c3ccc(Cl)cc3)c(nc2O1)-c1ccc(Cl)cc1Cl",6.8861
50320189,"CC1(C)CC(C)(O)c2cc(-c3ccc(Cl)cc3)c(nc2O1)-c1ccc(Cl)cc1Cl",7.0969
50320190,"COC1CC(C)(C)Oc2nc(-c3ccc(Cl)cc3Cl)c(cc12)-c1ccc(Cl)cc1",7.7212
50320191,"CC(C)(O)C(=O)c1oc2nc(-c3ccc(Cl)cc3Cl)c(cc2c1NC(=O)CO)-c1ccc(Cl)cc1",8.3665
50320192,"CC1(C)CC(=O)c2cc(-c3ccc(Cl)cc3)c(nc2O1)-c1ccc(Cl)cc1Cl",7.3279
50320193,"CC1(C)CC(=O)c2cc(-c3ccc(Cl)cc3)c(nc2O1)-c1ccccc1Cl",6.9208
50320194,"CCC1(CC)CC(=O)c2cc(-c3ccc(Cl)cc3)c(nc2O1)-c1ccccc1Cl",7.8239
50320195,"CC1CC(=O)c2cc(-c3ccc(Cl)cc3)c(nc2O1)-c1ccccc1Cl",7.6778
50320196,"CC(C)C1CC(=O)c2cc(-c3ccc(Cl)cc3)c(nc2O1)-c1ccccc1Cl",8.4949
50320197,"CC(C)(C)C1CC(=O)c2cc(-c3ccc(Cl)cc3)c(nc2O1)-c1ccccc1Cl",8.7212
50320198,"Fc1cccc(c1)C1CC(=O)c2cc(-c3ccc(Cl)cc3)c(nc2O1)-c1ccccc1Cl",8.7696
50320199,"Clc1ccc(cc1)-c1cc2C(=O)CC3(CCCC3)Oc2nc1-c1ccccc1Cl",7.6383
50320200,"Clc1ccc(cc1)-c1cc2C(=O)CC3(CCCCC3)Oc2nc1-c1ccccc1Cl",8.0862
50320201,"Clc1ccc(cc1)-c1cc2C(=O)CC3(CCSCC3)Oc2nc1-c1ccccc1Cl",8.3098
50320202,"Clc1ccc(cc1)-c1cc2C(=O)CC3(CCS(=O)(=O)CC3)Oc2nc1-c1ccccc1Cl",7.8239
50323006,"CS(=O)(=O)NCCCn1c(cc(c1-c1ccc(Cl)cc1)-c1ccc(Cl)cc1Cl)C(=O)N1CCC(CC1)(N1CCC(F)(F)CC1)C(N)=O",8.8539
50323607,"C[C@H](NC(=O)C(C)(C)Oc1ccc(cn1)C(F)(F)F)[C@@H](Cc1ccc(Cl)cc1)c1cccc(Br)c1",9.2291
50323608,"CC(C)(NC(=O)C(C)(C)Oc1ccc(cn1)C(F)(F)F)[C@@H](Cc1ccc(Cl)cc1)c1cccc(Br)c1",7.6576
50323609,"CC(C)(Oc1ccc(cn1)C(F)(F)F)C(=O)NCC(C)(Cc1ccc(Cl)cc1)c1cccc(Br)c1",6.4685
50323610,"CC(NC(=O)C(C)(C)Oc1ccc(cn1)C(F)(F)F)C(C)(Cc1ccc(Cl)cc1)c1cccc(Br)c1",7.6021
50323611,"CC(C)(Oc1ccc(cn1)C(F)(F)F)C(=O)N1CC(Cc2ccc(Cl)cc2)(C1)c1ccccc1",5.8861
50323612,"CC(C)(Oc1ccc(cn1)C(F)(F)F)C(=O)N1CCC(Cc2ccc(Cl)cc2)(C1)c1ccccc1",6.0915
50323613,"CC(C)(Oc1ccc(cn1)C(F)(F)F)C(=O)N1CCCC(Cc2ccc(Cl)cc2)(C1)c1ccccc1",5.699
50325035,"FC(F)(F)c1cccc(NC2=NC(=O)C(S2)=Cc2cccnc2)c1",6.9031
50325036,"COC(=O)CSc1nc2sc3COC(C)(C)Cc3c2c(=O)n1CC(C)=C",6.5376
50325879,"COc1ccccc1-c1cccc(Cn2cnc3ccc(cc23)C(=O)NCc2cccc(F)c2)c1",6.983
50325880,"CC(C)(C)C(=O)Nc1ccc2ncn(Cc3cccc(c3)-c3cccc4OCOc34)c2c1",7.1938
50325881,"COc1cc(F)ccc1-c1cccc(Cn2cnc3ccc(NC(=O)C(C)(C)C)cc23)c1",6.5702
50325882,"CC(C)(C)C(=O)Nc1ccc2ncn(Cc3cccc(n3)-c3cccc4OCOc34)c2c1",7.6778
50325883,"COc1cc(F)ccc1-c1cccc(Cn2cnc3ccc(NC(=O)C(C)(C)C)cc23)n1",7.1367
50325884,"CC(C)(C)C(=O)Nc1ccc2ccn(Cc3cccc(c3)-c3cccc4OCOc34)c2c1",7.2924
50325885,"COc1cc(F)ccc1-c1cccc(Cn2ccc3ccc(NC(=O)C(C)(C)C)cc23)c1",7.2366
50325886,"Cn1cc(Cc2cccc(c2)-c2cccc3OCOc23)c2cc(NC(=O)C(C)(C)C)ccc12",7.4318
50325887,"COc1cc(F)ccc1-c1cccc(Cc2cn(C)c3ccc(NC(=O)C(C)(C)C)cc23)c1",7.3468
50325888,"CC(C)(CO)C(=O)Nc1ccc2ccn(Cc3cccc(n3)-c3cccc4OCOc34)c2c1",8.1549
50325889,"COc1cc(F)ccc1-c1cccc(Cn2ccc3ccc(NC(=O)C(C)(C)CO)cc23)n1",7.3468
50325890,"CC(C)(O)CC(=O)Nc1ccc2ccn(Cc3cccc(n3)-c3cccc4OCOc34)c2c1",8.5229
50325891,"COc1cc(F)ccc1-c1cccc(Cn2ccc3ccc(NC(=O)CC(C)(C)O)cc23)n1",7.6383
50325892,"Cn1cc(Cc2cccc(n2)-c2cccc3OCOc23)c2cc(NC(=O)C(C)(C)CO)ccc12",8.1549
50325893,"COc1cc(F)ccc1-c1cccc(Cc2cn(C)c3ccc(NC(=O)C(C)(C)CO)cc23)n1",7.5686
50325894,"Cn1cc(Cc2cccc(n2)-c2cccc3OCOc23)c2cc(NC(=O)CC(C)(C)O)ccc12",8.301
50325895,"COc1cc(F)ccc1-c1cccc(Cc2cn(C)c3ccc(NC(=O)CC(C)(C)O)cc23)n1",7.7212
50340310,"Clc1cccc(C(=O)c2nc(CN3CCOCC3)c3ccccn23)c1Cl",5.5909
50340311,"Fc1cccc(C(=O)c2nc(CN3CCOCC3)c3ccccn23)c1C(F)(F)F",5.6519
50340312,"FC1(F)CCN(Cc2nc(C(=O)c3cccc(Cl)c3Cl)n3ccccc23)CC1",7.0458
50340313,"FC(F)(F)c1cccc(NC(=O)c2nc(CN3CCC(F)(F)CC3)c3ccccn23)n1",6.4597
50340314,"FC(F)(F)c1cccc(NC(=O)c2nc(CN3CCS(=O)(=O)CC3)c3ccccn23)n1",4.8962
50340315,"OCC1(CNC(=O)c2nc(CN3CCC(F)(F)CC3)n3ccccc23)CCCC1",7.1675
50340318,"FC(F)(F)[C@H](NC(=O)c1nc(N2CCOCC2)n2ccccc12)c1ccccn1",6.1518
50341131,"CC[C@H]1C[C@@H]2C[C@@]3([C@H]1N1C[C@H](O[C@@H]21)c1c3[nH]c2ccc(OC)cc12)C(=O)OC",6.7011
50341132,"CC[C@H]1C[C@@H]2C[C@@]3([C@H]1N1[C@H](O)[C@H](O[C@@H]21)c1c3[nH]c2ccc(OC)cc12)C(=O)OC",6.8508
50341919,"OC1(CCN([C@H]2CCCC[C@@H]12)C(=O)c1cccc2[nH]ncc12)c1ccccc1",5.3719
50341920,"OC1(CCN([C@H]2CCCC[C@@H]12)C(=O)c1csc(n1)-c1ccncc1)c1ccccc1",6.0315
50341922,"O[C@@]1(CCN([C@H]2CCCC[C@H]12)C(=O)c1ccc(Cl)cc1)c1ccccc1",6.0164
50341923,"O[C@@]1(CCN([C@H]2CCCC[C@H]12)C(=O)c1ccc2ccccc2n1)c1ccccc1",5.6942
50341927,"O[C@@]1(CCN([C@@H]2CCCC[C@H]12)C(=O)c1ccccc1)c1ccccc1",5.3427
50341928,"O[C@@]1(CCN([C@@H]2CCCC[C@H]12)C(=O)c1ccc(Cl)cc1)c1ccccc1",6.5058
50341929,"O[C@@]1(CCN([C@@H]2CCCC[C@H]12)C(=O)c1ccc2ccccc2n1)c1ccccc1",6.7258
50341933,"O[C@]1(CCN([C@H]2CCCC[C@@H]12)C(=O)c1cnc2ccccc2c1)c1ccccc1",5.8159
50341934,"O[C@]1(CCN([C@H]2CCCC[C@@H]12)C(=O)c1ccc2ncccc2c1)c1ccccc1",6.5834
50341935,"O[C@]1(CCN([C@H]2CCCC[C@@H]12)C(=O)c1ccc2cnccc2n1)c1ccccc1",5.4633
50341936,"O[C@]1(CCN([C@H]2CCCC[C@@H]12)C(=O)c1ccc2[nH]ccc2c1)c1ccccc1",5.9991
50341951,"Cc1ccc(cn1)C(=O)N1CC[C@](O)([C@@H]2CCCC[C@H]12)c1ccccc1",5.2993
50341957,"O[C@]1(CCN([C@H]2CCCC[C@@H]12)C(=O)c1cnco1)c1ccccc1",5.4628
50341962,"O[C@]1(CCN([C@H]2CCCC[C@@H]12)C(=O)C1CN(CC(F)(F)F)CCO1)c1ccccc1",5.3932
50347750,"O=C1NC(Nc2ccccc2)=NC1=Cc1ccc2OCOc2c1",6.5031
50348617,"CCN(CC)C(=O)CCC1(c2c(cccc2OC)-c2nccn12)c1ccc(Cl)cc1",5.2218
50350089,"C\C=C\C=C\C=C\c1c(O)cc(CC=C(C)C)c(O)c1C=O",4.8182
50359303,"CCCCCCCCCCCCC\C=C\CCC(=O)N(C)[C@H](CO)COC",5.6383
50373120,"C[C@H](NC(=O)C(C)(C)Oc1ccc(C)cn1)[C@@H](Cc1ccc(Cl)cc1)c1cccc(c1)C#N",9.5789
50375381,"Cc1c(cccc1C(F)(F)F)C(=O)N=c1cc(n(C)n1CC1CC1)C(C)(C)C",5.8861
50375382,"Cn1c(c\c(=N/C(=O)c2cccc(c2F)C(F)(F)F)n1CC1CC1)C(C)(C)C",5.3979
50375383,"CC(C)OCCn1n(C)c(c\c1=N/C(=O)c1cccc(c1F)C(F)(F)F)C(C)(C)C",6.1192
50375384,"Cn1c(c\c(=N/C(=O)c2cccc(c2F)C(F)(F)F)n1CC1CCCC1)C(C)(C)C",6.0915
50375385,"Cn1c(c\c(=N/C(=O)c2cccc(c2F)C(F)(F)F)n1CC1CCC1)C(C)(C)C",6.0269
50375387,"Cn1c(c\c(=N/C(=O)c2cccc(c2Cl)C(F)(F)F)n1CC1CC1)C(C)(C)C",5.6576
50375392,"CCOCCn1n(C)c(c\c1=N/C(=O)c1cccc(c1F)C(F)(F)F)C(C)(C)C",6.0605
50375393,"Cn1c(c\c(=N/C(=O)c2cc(ccc2F)C(F)(F)F)n1CC1CC1)C(C)(C)C",5.4318
50389925,"CCc1c([nH]c2ccc(Cl)cc12)C(=O)NCCc1ccc(cc1)[N+]([O-])=O",5.2411
50389928,"CCc1c([nH]c2ccc(Cl)cc12)C(=O)NCCc1ccc(cc1)N(C)C",6.104
50389930,"CCc1c([nH]c2ccc(Cl)cc12)C(=O)NCCc1ccc(Cl)cc1",5.6021
50389935,"Clc1ccc2[nH]c(cc2c1)C(=O)NCCc1ccc(cc1)N1CCCCC1",6.6737
50389939,"CCc1c([nH]c2ccc(Cl)cc12)C(=O)NCCc1ccc(cc1)N1CCCCC1",7.2012
50390072,"COc1cnc(cn1)-c1cccc2OC[C@H](Cc12)NC(=O)c1ccc(COCC(F)(F)F)nc1",5.301
50392280,"CCOC(=O)c1ccc(cc1)S(=O)(=O)NC(=NC)N1CC(C(=N1)c1ccc(Cl)cc1)c1ccccc1",7.0
50392283,"CC(C)[C@H](N=C(NS(=O)(=O)c1ccc(Cl)cc1)N1C[C@@H](C(=N1)c1ccc(Cl)cc1)c1ccccc1)C(N)=O",9.0
50392284,"CC(C)(C)[C@H](N=C(NS(=O)(=O)c1ccc(Cl)cc1)N1CC(C(=N1)c1ccc(Cl)cc1)c1ccccc1)C(N)=O",8.699
50392285,"NC(=O)[C@@H](N=C(NS(=O)(=O)c1ccc(Cl)cc1)N1CC(C(=N1)c1ccc(Cl)cc1)c1ccccc1)C1CCC1",8.0809
50392286,"C[C@@H](O)[C@H](N=C(NS(=O)(=O)c1ccc(Cl)cc1)N1CC(C(=N1)c1ccc(Cl)cc1)c1ccccc1)C(N)=O",8.1549
50392288,"NC(=O)[C@H](CO)N=C(NS(=O)(=O)c1ccc(Cl)cc1)N1CC(C(=N1)c1ccc(Cl)cc1)c1ccccc1",7.8861
50392289,"NC(=O)[C@@H](O)CCN=C(NS(=O)(=O)c1ccc(Cl)cc1)N1CC(C(=N1)c1ccc(Cl)cc1)c1ccccc1",7.1805
50392290,"COc1ccc(cc1)S(=O)(=O)NC(=NCC(N)=O)N1CC(C(=N1)c1ccc(Cl)cc1)c1ccccc1",7.0
50392292,"COc1ccc(cc1)S(=O)(=O)NC(=N[C@@H](C)C(N)=O)N1CC(C(=N1)c1ccc(Cl)cc1)c1ccccc1",7.1549
50392294,"COc1cccc(c1)S(=O)(=O)NC(=N[C@@H](C(C)C)C(N)=O)N1CC(C(=N1)c1ccc(Cl)cc1)c1ccccc1",8.3979
50392295,"NC(=O)CNC(=O)CN=C(NS(=O)(=O)c1ccc(Cl)cc1)N1CC(C(=N1)c1ccc(Cl)cc1)c1ccccc1",7.6021
50392296,"C[C@H](N=C(NS(=O)(=O)c1ccc(Cl)cc1)N1CC(C(=N1)c1ccc(Cl)cc1)c1ccccc1)C(=O)NCC(N)=O",8.0
50392297,"C[C@H](NC(=O)[C@H](C)N=C(NS(=O)(=O)c1ccc(Cl)cc1)N1CC(C(=N1)c1ccc(Cl)cc1)c1ccccc1)C(N)=O",7.5686
50392298,"C[C@H](N=C(NS(=O)(=O)c1ccc(Cl)cc1)N1CC(C(=N1)c1ccc(Cl)cc1)c1ccccc1)C(=O)N[C@@H](CO)C(N)=O",8.0969
50392300,"C[C@@H](O)[C@H](N=C(NS(=O)(=O)c1ccc(Cl)cc1)N1CC(C(=N1)c1ccc(Cl)cc1)c1ccccc1)C(=O)N[C@@H](CO)C(N)=O",8.1549
50392301,"NC(=O)CN=C(NS(=O)(=O)c1ccc(Cl)cc1)N1CC(C(=N1)c1ccc(Cl)cc1)c1ccccc1",7.541
50392302,"NC(=O)CCN=C(NS(=O)(=O)c1ccc(Cl)cc1)N1CC(C(=N1)c1ccc(Cl)cc1)c1ccccc1",7.4949
50392303,"CC(CN=C(NS(=O)(=O)c1ccc(Cl)cc1)N1CC(C(=N1)c1ccc(Cl)cc1)c1ccccc1)C(N)=O",7.585
50392304,"C[C@H](N=C(NS(=O)(=O)c1ccc(Cl)cc1)N1CC(C(=N1)c1ccc(Cl)cc1)c1ccccc1)C(N)=O",7.699
50392305,"CC(C)(N=C(NS(=O)(=O)c1ccc(Cl)cc1)N1CC(C(=N1)c1ccc(Cl)cc1)c1ccccc1)C(N)=O",8.0706
50392310,"CC(C)[C@H](N=C(NS(=O)(=O)c1ccc(Cl)cc1)N1CC(C(=N1)c1ccc(Cl)cc1)c1ccccc1)C(=O)N[C@@H](C)C(N)=O",7.0
50392315,"CCOC(=O)Nc1ccc(cc1)S(=O)(=O)NC(=NC)N1CC(C(=N1)c1ccc(Cl)cc1)c1ccccc1",6.5229
50413753,"CC(C)NC(=O)N1CCN(CC1)C(c1ccc(Cl)cc1)c1ccccc1Cl",6.4
50413754,"CC(C)NC(=O)N1CCN(CC1)C(c1ccc(Br)cc1)c1ccccc1Cl",6.11
50413755,"CC(C)NC(=O)N1CCN(CC1)C(c1ccc(Cl)cc1)c1ccccc1C",5.66
50413756,"Clc1ccc(cc1)C(N1CCN(CC1)C(=O)NCC1CCC1)c1ccc(Cl)cc1",5.46
50413757,"CC(C)(C)c1c(nn(c1-c1ccc(Cl)cc1)-c1ccc(Cl)cc1Cl)C(=O)NN1CCCCC1",8.2097
50413758,"C[C@H](NC(=O)C(C)(C)Oc1ccncc1)[C@H](Cc1ccc(Cl)cc1)c1ccccc1",7.7701
50413759,"CC(C)NC(=O)N1CCN(CC1)C(c1ccc(Cl)cc1)c1ccccc1C(F)(F)F",5.18
50418203,"CC(O)C1(CNC(=O)c2cc3cc(ccc3n2Cc2cccc(OC(F)(F)F)c2)C#N)CCCC1",8.2899
50418204,"COc1ccc(Br)cc1Cn1c(cc2cc(ccc12)C#N)C(=O)NCCCO",8.0301
50418205,"OC1(CCNC(=O)c2cc3cc(ccc3n2Cc2cccc(OC(F)(F)F)c2)C#N)CCC1",8.58
50418206,"COc1ccc(cc1Cn1c(cc2cc(ccc12)C#N)C(=O)NCCC1(O)CCC1)C(F)(F)F",8.8297
50418207,"OC(CCNC(=O)c1cc2cc(ccc2n1Cc1cccc(OC(F)(F)F)c1)C#N)(C(F)(F)F)C(F)(F)F",8.2197
50418208,"OC(CCNC(=O)c1cc2cc(ccc2n1Cc1cccc(OC(F)(F)F)c1)C#N)C(F)(F)F",8.0899
50418209,"CC(O)CCNC(=O)c1cc2cc(ccc2n1Cc1cccc(OC(F)(F)F)c1)C#N",8.0501
50418214,"Cc1ccc(F)cc1Cn1c(cc2cc(ccc12)C#N)C(=O)NCC1(CO)CCC1",8.3098
50418215,"COc1ccc(Cl)cc1Cn1c(cc2cc(ccc12)C#N)C(=O)NCC1(CO)CCC1",8.5901
50418216,"COc1ccc(cc1Cn1c(cc2cc(ccc12)C#N)C(=O)NCC1(CO)CC1)C(C)(C)C",8.8297
50418217,"COc1ccc(cc1Cn1c(cc2cc(ccc12)C#N)C(=O)NCC1(CO)CC1)C(F)(F)F",8.8794
50418218,"COc1ccc(OC(F)(F)F)cc1Cn1c(cc2cc(ccc12)C#N)C(=O)NCC1(CO)CC1",8.2899
50418219,"CCCOc1cccc(Cn2c(cc3cc(ccc23)C#N)C(=O)NCC(C)(C)CO)c1",8.8097
50418220,"Cc1ccc(C)c(Cn2c(cc3cc(ccc23)C#N)C(=O)NCC(C)(C)CO)c1",9.2
50418221,"Cc1ccc(Cl)cc1Cn1c(cc2cc(ccc12)C#N)C(=O)NCC(C)(C)CO",9.2403
50418222,"Cc1ccc(cc1Cn1c(cc2cc(ccc12)C#N)C(=O)NCC(C)(C)CO)C(F)(F)F",9.2899
50418223,"COc1ccc(C)cc1Cn1c(cc2cc(ccc12)C#N)C(=O)NCC(C)(C)CO",9.1198
50418224,"COc1ccc(Br)cc1Cn1c(cc2cc(ccc12)C#N)C(=O)NCC(C)(C)CO",9.1101
50418225,"COc1ccc(Cl)cc1Cn1c(cc2cc(ccc12)C#N)C(=O)NCC(C)(C)CO",8.699
50418226,"CC(C)(CO)CNC(=O)c1cc2cc(ccc2n1Cc1cc(Cl)cc(Cl)c1)C#N",8.27
50418227,"CCOc1ccc(OC(F)(F)F)cc1Cn1c(cc2cc(ccc12)C#N)C(=O)NCC(C)(C)CO",8.0799
50423200,"COc1ccccc1OC(=O)c1ccc(C)c(c1)S(=O)(=O)N1CCOCC1",5.5
50423201,"Cc1ccc(NC(=O)c2cccc(c2)C#N)cc1S(=O)(=O)N1CCOCC1",5.8
50423202,"O=C(Oc1cccc2cccnc12)c1cccc(c1)S(=O)(=O)N1CCCCCC1",7.301
50423203,"Clc1ccccc1C(=O)Nc1ccc(Cl)c(c1)S(=O)(=O)N1CCOCC1",5.8
50423204,"Cc1ccc(cc1S(=O)(=O)N1CCOCC1)C(=O)Oc1ccccc1Br",7.4949
50423205,"Cc1ccc(cc1S(=O)(=O)N1CCOCC1)C(=O)Oc1cccc2cccnc12",8.8861
50423206,"Cc1ccc(NC(=O)c2ccccc2Oc2ccccc2)cc1S(=O)(=O)N1CCOCC1",5.7001
50423207,"COc1ccc(cc1S(=O)(=O)N1CCOCC1)C(=O)Oc1cccc2cccnc12",7.3979
50423208,"Oc1ccccc1NC(=O)c1ccc(Cl)c(c1)S(=O)(=O)N1CCCCCC1",6.699
50423209,"O=C(Oc1cccc2cccnc12)c1cccc(c1)S(=O)(=O)N1CCCCC1",7.7959
50423210,"Cc1ccc(NC(=O)c2ccc(C)c(c2)S(=O)(=O)N2CCCCC2)cc1",5.1
50423211,"Clc1ccc(NC(=O)c2ccccc2)cc1S(=O)(=O)N1CCOCC1",5.4
50423212,"Cc1ccc(cc1S(=O)(=O)N1CCCC1)C(=O)Nc1ccccc1",5.2
50423213,"Cc1ccc(cc1S(=O)(=O)N1CCCCC1)C(=O)Nc1cccc(F)c1",5.9
50423214,"Clc1ccc(NC(=O)c2cccc3ccccc23)cc1S(=O)(=O)N1CCOCC1",6.4001
50423215,"Nc1cccc(NC(=O)c2cccc(c2)S(=O)(=O)N2CCCCC2)c1",5.3
50423216,"O=C(Oc1cccc2cccnc12)c1cccc(c1)S(=O)(=O)N1CCCC1",6.8013
50423217,"Cc1ccc(cc1S(=O)(=O)N1CCCCC1)C(=O)Nc1cccc2cnccc12",5.9
50424456,"CS(=O)Cc1ccc(C(=O)Nc2cccnc2C(=O)NCC2CCC2)c2ccccc12",5.1549
50424457,"OCCOCCOc1ccc(NC(=O)c2ccnc3ccccc23)c(n1)C(=O)NCC1CCC1",5.0
50424458,"OCCOc1ccc(NC(=O)c2ccnc3ccccc23)c(n1)C(=O)NCC1CCC1",4.1367
50424459,"O=C(NCC1CCC1)c1ncccc1NC(=O)c1ccc(Cn2ccnn2)c2ccccc12",6.1487
50424460,"O=C(NCC1CCC1)c1ncccc1NC(=O)c1ccc(Cn2cccn2)c2ccccc12",4.8861
50424461,"O=C(NCC1CCC1)c1ncccc1NC(=O)c1ccc(Cn2ccnc2)c2ccccc12",4.7959
50424462,"O=C(NCC1CCC1)c1ncccc1NC(=O)c1ccc(Cn2cccc2)c2ccccc12",4.0506
50424463,"CN(C)Cc1ccc(C(=O)Nc2cccnc2C(=O)NCC2CCC2)c2ccccc12",4.3872
50424464,"COCc1ccc(C(=O)Nc2cccnc2C(=O)NCC2CCC2)c2ccccc12",5.699
50424465,"COc1ccc(NC(=O)c2ccnc3ccccc23)c(n1)C(=O)NCC1CCC1",4.8239
50424466,"O=C(NCC1CCC1)c1ncccc1NC(=O)c1ccnc2ccccc12",7.5528
50424467,"O=C(NCC1CCC1)c1ncccc1NC(=O)c1cccc2ccccc12",8.2147
50424468,"O=C(Nc1cccnc1C(=O)NCC1CCOCC1)c1cccc2ccccc12",7.5086
50424469,"O=C(NCC1CCCCC1)c1nccnc1NC(=O)c1cccc2ccccc12",7.041
50424470,"O=C(NCC1CCCCC1)c1ncccc1NC(=O)c1cccc2ccccc12",8.0
50424471,"Clc1ccc(NC(=O)c2cccc3ccccc23)c(c1)C(=O)NCC1CCCCC1",6.7959
50424472,"CS(=O)Cc1ccc(C(=O)Nc2ccc(OCCOCCO)nc2C(=O)NCC2CCC2)c2ccccc12",8.1427
50424473,"CS(=O)Cc1ccc(C(=O)Nc2nccnc2C(=O)NCC2CCC2)c2ccccc12",7.4318
50424474,"CS(=O)Cc1ccc(C(=O)Nc2cccnc2C(=O)NCC2CCOCC2)c2ccccc12",7.3098
50424475,"COc1ccc(NC(=O)c2ccc(CS(C)=O)c3ccccc23)c(n1)C(=O)NCC1CCOCC1",7.8239
50424476,"FC(F)(F)CCS(=O)(=O)Oc1ccc(NC(=O)c2ccc(Cn3ccnn3)c3ccccc23)c(n1)C(=O)NCC1CCOCC1",7.8539
50424477,"O=C(NCC1CCOCC1)c1ncccc1NC(=O)c1ccc(Cn2ccnn2)c2ccccc12",8.301
50424478,"COc1ccc(NC(=O)c2ccc(Cn3ccnn3)c3ccccc23)c(n1)C(=O)NCC1CCOCC1",8.6198
50424479,"COc1ccc(NC(=O)c2ccc(Cn3ccnn3)c3ccccc23)c(n1)C(=O)NCC1CCCCC1",9.0706
50424481,"O=C(NCC1CCC1)c1ncccc1NC(=O)c1cccc2cccnc12",6.4949
50424482,"O=C(NCC1CCC1)c1ncccc1NC(=O)c1cccc2cnccc12",6.6576
50424485,"O=C(Nc1cccnc1C(=O)NCC1CCOCC1)c1cccc2OCCOc12",5.9208
50424487,"O=C(NCC1CCCCC1)c1ccncc1NC(=O)c1cccc2ccccc12",5.4437
50424488,"O=C(NCC1CCCCC1)c1cnccc1NC(=O)c1cccc2ccccc12",5.8539
50424489,"C[S@@](=O)Cc1ccc(C(=O)Nc2cccnc2C(=O)NCC2CCOCC2)c2ccccc12",7.6778
50424490,"O=C(NCC1CCC1)c1nccnc1NC(=O)c1ccc(Cn2ccnn2)c2ccccc12",8.3665
50424491,"COc1ccc(NC(=O)c2ccc(Cn3ccnn3)c3ccccc23)c(n1)C(=O)NCC1CCC1",9.0132
50424492,"CS(=O)(=O)Cc1ccc(C(=O)Nc2cccnc2C(=O)NCC2CCC2)c2ccccc12",3.6198
50450099,"OCCCOc1ccc(C(=O)c2cccc3ccccc23)c2ccccc12",4.0
50450103,"OCCCCOc1ccc(C(=O)c2cccc3ccccc23)c2ccccc12",4.7467
50450104,"COC(=O)CCCOc1ccc(C(=O)c2cccc3ccccc23)c2ccccc12",4.8499
50451736,"Clc1ccc(NC(=O)Nc2cccc(Nc3cccc(c3)N3CCCC3)c2)cc1",5.0177
50451737,"Clc1ccc(NC(=O)Nc2cccc(Nc3cccc(n3)N3CCCC3)c2)cc1",6.7447
50451738,"Clc1ccc(NC(=O)Nc2cccc(c2)-c2cccc(c2)N2CCCC2)cc1",6.5376
50451739,"Clc1ccc(CC(=O)Nc2cccc(c2)-c2cccc(c2)N2CCCC2)cc1",5.7212
50463653,"COc1cc(OC)cc(c1)C(=O)N[C@H]1CC[C@@H](CC1)Nc1nc(C)cc(n1)N(C)C",7.2007
50465935,"Cc1cc(Oc2nccc3occc23)ccc1-c1c(C)ncc2nccn12",5.6778
50470417,"CCCCCCCCCCC\C(=N/O)c1cc(ccc1O)-c1ccc(O)c(F)c1",5.585
50470421,"CCCCCCCCCCCCC\C(=N/O)c1cc(ccc1O)-c1ccc(O)c(F)c1",5.3872
50492297,"CCOC(=O)c1c(C)cc2nc(COC(=O)NCCO)n(-c3ccccc3S(=O)(=O)NC)c(=O)c2c1C",7.0269
50494416,"C\C=C\C=C\C=C\CC\C=C\C(=O)NCC(C)(C)O",8.0458
50494417,"C\C=C\C=C\C=C\CC\C=C\C=C\C(=O)NCC(C)C",7.0
50494418,"CC\C=C\C\C=C/CC\C=C\C=C\C(=O)NCC(C)(C)O",5.6198
50494419,"CCCCCCCCC\C=C\C=C\C(=O)NCC(C)(C)O",5.3372
50494420,"C\C=C\C=C\C=C\CC\C=C\C=C\C(=O)NCC(C)(C)O",5.8564
50494421,"C\C=C\C=C\C=C/CC\C=C\C=C\C(=O)NCC(C)(C)O",6.7352
50494422,"C\C=C\C=C\C=C/CC\C=C\C(=O)NCC(C)(O)CO",7.3872
50494951,"CC(C)(O)c1cc(ccc1Cl)-c1nc(NCCc2ccc(F)cc2)nc(OCF)n1",6.7447
50496024,"COc1ccc(cc1)-c1nn(C(=O)Nc2ccc(C)cc2)c(=O)n1-c1ccc(Cl)cc1",5.6421
50496025,"COc1ccc(cc1)-c1nn(C(=O)NC2CCCCC2)c(=O)n1-c1ccc(C)cc1",5.7352
50496026,"Cc1ccc(cc1)-c1nn(C(=O)NC2CCCCC2)c(=O)n1-c1ccc(Cl)cc1",5.6778
50496027,"COc1ccc(cc1)-n1c(nn(C(=O)Nc2ccc(C)cc2)c1=O)-c1ccc(Cl)cc1",5.0737
50496028,"COc1ccc(cc1)-n1c(nn(C(=O)NC2CCCCC2)c1=O)-c1ccc(Cl)cc1",6.4112
50496029,"COc1ccc(cc1)-c1nn(C(=O)NC2CCCCC2)c(=O)n1-c1ccc(Cl)cc1",6.0565
50496030,"Cc1ccc(Cn2c(nn(C(=O)Nc3ccc(Cl)cc3)c2=O)-c2ccc(C)cc2)cc1",5.426
50496031,"Cc1ccc(cc1)-n1c(nn(C(=O)NC2CCCCC2)c1=O)-c1ccc(Cl)cc1",6.6536
50496032,"Cc1ccc(Cn2c(nn(C(=O)NC3CCCCC3)c2=O)-c2ccc(C)cc2)cc1",4.7496
50496033,"COc1ccc(cc1)-c1nn(C(=O)Nc2ccc(Cl)cc2)c(=O)n1-c1ccc(C)cc1",5.3251
50496035,"Cc1ccc(NC(=O)n2nc(-c3ccc(C)cc3)n(-c3ccc(Cl)cc3)c2=O)cc1",6.0237
50507339,"Clc1ccc(NC(=O)Nc2cccc(c2)N2CCC2)cc1",6.6579
50507340,"Clc1ccc(NC(=O)Nc2cccc(c2)-c2ccoc2)cc1",6.8719
50507341,"Clc1ccc(NC(=O)Nc2cccc(c2)-c2ccsc2)cc1",7.1145
50507342,"Cc1ccc(s1)-c1cccc(NC(=O)Nc2ccc(Cl)cc2)c1",6.9032
50507343,"Cc1cc(cs1)-c1cccc(NC(=O)Nc2ccc(Cl)cc2)c1",6.754
50511106,"CC[C@]12CC(=O)n3c([C@@H]1OC)c(CCN(CCC2)C(=O)c1cccc(Br)c1)c1ccccc31",5.3054
50520683,"Oc1ccccc1C(=O)NNC(=S)Nc1ccc(Cl)c(Cl)c1",9.2366
50528194,"COc1cc(cc(OC)c1OC)-c1cncc(c1C)-c1ccc(cc1)N1CCNCC1",5.7645
50530743,"Clc1ccc(NC(=O)Nc2cc(cs2)-c2ccccc2)cc1",6.8039
50530744,"Clc1ccc(NC(=O)Nc2ccc(s2)-c2cccc(Cl)c2)cc1",6.8276
50530745,"Clc1ccc(NC(=O)Nc2ccc(s2)-c2ccc(Cl)cc2)cc1",6.7389
50530746,"CN(C)c1cccc(c1)-c1ccc(NC(=O)Nc2ccc(Cl)cc2)s1",6.175
50530747,"Cc1cccc(c1)-c1ccc(NC(=O)Nc2ccc(Cl)cc2)s1",6.6235
50530748,"Clc1ccc(NC(=O)Nc2ncc(s2)-c2ccccc2)cc1",6.6607
50530749,"COc1ccc(cc1)-c1ccc(NC(=O)Nc2ccc(Cl)cc2)s1",6.5297
50530750,"Clc1ccc(NC(=O)Nc2ccc(s2)-c2ccccc2Cl)cc1",6.7226
50530751,"Clc1ccc(NC(=O)Nc2ccc(s2)-c2cc(Cl)cc(Cl)c2)cc1",6.1174
50530752,"Clc1ccc(NC(=O)Nc2ccc(s2)-c2ccccc2)cc1",6.7342
50530754,"Clc1ccc(NC(=O)Nc2cc(ccn2)-c2ccccc2)cc1",6.8069
50530756,"COC(=O)c1cccc(c1)-c1ccc(NC(=O)Nc2ccc(Cl)cc2)s1",6.0296
50530757,"Clc1ccc(NC(=O)Nc2ccnc(c2)-c2ccccc2)cc1",6.0951
50530758,"Fc1cccc(c1)-c1ccc(NC(=O)Nc2ccc(Cl)cc2)s1",6.8903
50530759,"COc1ccc(cc1NC(=O)Nc1ccc(Cl)cc1)-c1cccc(n1)N1CCCC1",5.8962
50530760,"Clc1ccc(NC(=O)Nc2cccc(n2)-c2ccccc2)cc1",5.4522
50530761,"Clc1ccc(NC(=O)N[C@H]2C[C@@H]2c2ccccc2)cc1",5.9136
50530762,"Clc1ccc(NC(=O)N[C@@H]2CCCN(C2)c2ccccc2)cc1",5.4112
50530763,"Fc1ccc(cc1)-c1ccc(NC(=O)Nc2ccc(Cl)cc2)s1",6.834
50530764,"CC(=O)c1cccc(c1)-c1ccc(NC(=O)Nc2ccc(Cl)cc2)s1",6.2157
50530765,"CS(=O)(=O)c1cccc(c1)-c1ccc(NC(=O)Nc2ccc(Cl)cc2)s1",5.8955
50530766,"Clc1ccc(NC(=O)Nc2ccc(s2)-c2ccncc2)cc1",6.4757
50530767,"Clc1ccc(NC(=O)Nc2cncc(c2)-c2ccccc2)cc1",6.5346
50530768,"Fc1ccc(-c2ccc(NC(=O)Nc3ccc(Cl)cc3)s2)c(F)c1",6.7912
50530769,"COc1cccc(c1)-c1ccc(NC(=O)Nc2ccc(Cl)cc2)s1",5.9653
50530770,"Clc1ccc(NC(=O)Nc2ccc(s2)-c2cccnc2)cc1",6.7482
50530771,"Clc1ccc(NC(=O)Nc2csc(c2)-c2ccccc2)cc1",6.6367
50530772,"Clc1ccc(NC(=O)Nc2ccc(s2)-c2ccc(Cl)c(Cl)c2)cc1",6.3596
50530773,"COc1ccccc1-c1ccc(NC(=O)Nc2ccc(Cl)cc2)s1",6.4656
50534856,"Cc1c([nH]c2ccccc12)S(=O)(=O)NCc1ccc(C)cc1",6.699
50534857,"COc1ccc2[nH]c(cc2c1)S(=O)(=O)NCc1ccc(cc1)-c1ccc(cc1)C#N",8.0969
50534858,"Cc1ccc(cc1)-c1ccc(CNS(=O)(=O)c2cc3ccccc3[nH]2)cc1",8.5229
50534859,"COCc1c([nH]c2ccccc12)S(=O)(=O)NCc1ccc(cc1)-c1ccccc1",8.0
50534860,"Fc1ccc(c(F)n1)-c1ccc(CNS(=O)(=O)c2cc3cc(Cl)ccc3[nH]2)cc1",8.3979
50534861,"CS(=O)(=O)c1ccc(cc1)-c1ccc(CNS(=O)(=O)c2cc3cc(Cl)ccc3[nH]2)cc1",7.8239
50534862,"Fc1ccc(c(F)c1)-c1ccc(CNS(=O)(=O)c2cc3cc(Cl)ccc3[nH]2)cc1",8.3979
50534863,"COc1ccc2[nH]c(cc2c1)S(=O)(=O)NCc1ccc(cc1)-c1ccc(CO)cc1",6.9508
50534864,"CS(=O)(=O)c1ccc(cc1)-c1ccc(CNS(=O)(=O)c2cc3ccccc3[nH]2)cc1",7.8239
50534865,"NC(=O)c1cccc(c1)-c1ccc(CNS(=O)(=O)c2cc3ccccc3[nH]2)cc1",6.5229
50534867,"Fc1ccc2cc([nH]c2c1)S(=O)(=O)NCc1ccc(cc1)-c1ccccc1",8.301
50534868,"Brc1ccc2[nH]c(cc2c1)S(=O)(=O)NCc1ccc(cc1)-c1ccccc1",8.2218
50534869,"O=S(=O)(NCc1ccc(cc1)-c1ccccc1)c1cc2ccccc2[nH]1",8.699
50534870,"Cc1c([nH]c2ccccc12)S(=O)(=O)NCc1ccc(cc1)-c1ccccc1",8.0969
50534874,"Cc1c([nH]c2ccccc12)S(=O)(=O)NCc1cccc(Cl)c1",6.0969
50534875,"Cc1c([nH]c2ccccc12)S(=O)(=O)NCc1ccc(cc1)C(F)(F)F",6.6021
50534876,"COc1ccc(CNS(=O)(=O)c2[nH]c3ccc(Cl)cc3c2C)cc1",6.301
50534877,"COc1ccc(CNS(=O)(=O)c2[nH]c3ccccc3c2C)cc1",6.699
50534879,"CCc1c([nH]c2ccc(Cl)cc12)S(=O)(=O)NCCc1ccc(cc1)N1CCOCC1",6.301
50534880,"CN(C)c1ccc(CCNS(=O)(=O)c2[nH]c3ccccc3c2C)cc1",6.5229
50534881,"Cc1c([nH]c2ccccc12)S(=O)(=O)NCCc1ccc(cc1)N1CCCCC1",6.699
50534882,"CCc1c([nH]c2ccc(Cl)cc12)S(=O)(=O)NCCc1ccc(cc1)N1CCCCC1",6.9208
50534883,"Fc1ccc(cc1)-c1ccc(CNS(=O)(=O)c2cc3cc(Cl)ccc3[nH]2)c(F)c1",7.6778
50534884,"COc1ccc2[nH]c(cc2c1)S(=O)(=O)NCc1ccc(cc1F)-c1ccc(OC(F)(F)F)cc1",7.3979
50534886,"O=S(=O)(NCc1ccc(cc1)-c1ccsc1)c1cc2ccccc2[nH]1",7.9208
50534887,"COc1ccc2[nH]c(cc2c1)S(=O)(=O)NCc1ccc(cc1)-c1ccc(F)nc1",8.5229
50534888,"CCOc1ccc(cn1)-c1ccc(CNS(=O)(=O)c2cc3ccccc3[nH]2)cc1",8.0
50534889,"Nc1ccc(cn1)-c1ccc(CNS(=O)(=O)c2cc3cc(Cl)ccc3[nH]2)cc1",7.0706
50534890,"Fc1ccc(c(F)c1)-c1ccc(CNS(=O)(=O)c2cc3cc(Cl)ccc3[nH]2)nc1",8.5229
50534891,"Fc1ccc(cc1)-c1cccc(CNS(=O)(=O)c2cc3ccccc3[nH]2)c1",6.8633
50534892,"CN(C)c1ccc(cc1)-c1ccc(CNS(=O)(=O)c2cc3ccccc3[nH]2)cc1",8.5229
50534895,"Fc1ccc(cn1)-c1ccc(CNS(=O)(=O)c2cc3ccc(Cl)cc3[nH]2)cc1",8.301
50534896,"CC(NS(=O)(=O)c1cc2ccccc2[nH]1)c1ccc(cc1)-c1ccc(F)cc1",7.3872
50534897,"Fc1ccc(cc1)-c1ccc(CNS(=O)(=O)c2cc3cc(Br)ccc3[nH]2)cc1",7.9208
50534898,"Fc1ccc(cc1)-c1ccc(CNS(=O)(=O)c2cc3ccccc3[nH]2)cc1",9.0
50534899,"Fc1ccc(c(F)c1)-c1ccc(CNS(=O)(=O)c2cc3cc(Br)ccc3[nH]2)nc1",8.3979
50534900,"Cc1c([nH]c2ccccc12)S(=O)(=O)NCc1ccc(Cl)cc1",6.3979
50534901,"COc1ccc(c(OC)c1)-c1ccc(CNS(=O)(=O)c2cc3ccccc3[nH]2)cc1",7.6576
50534902,"Clc1ccc2cc([nH]c2c1)S(=O)(=O)NCc1ccc(cc1)-c1ccccc1",8.3979
50534903,"COc1ccc(cc1)-c1ccc(CNS(=O)(=O)c2cc3ccccc3[nH]2)cc1",8.699
50534905,"Cc1c([nH]c2ccccc12)S(=O)(=O)NCc1ccc(Cl)c(Cl)c1",6.0969
50534906,"COc1ccc(CNS(=O)(=O)c2cc3ccccc3[nH]2)cc1",6.699
50534908,"CCc1c([nH]c2ccc(Cl)cc12)S(=O)(=O)NCCc1ccc(cc1)N(C)C",6.8861
50534910,"O=S(=O)(NCc1ccc(cc1)-c1cccnc1)c1cc2ccccc2[nH]1",8.1549
50534911,"Fc1ccc(cc1)-c1ccc(CNS(=O)(=O)c2cc3cc(Br)ccc3[nH]2)nc1",8.0458
50534912,"COc1ccc(CNS(=O)(=O)c2cc3cc(OC)ccc3[nH]2)cc1",6.3979
50534913,"COc1cc(ccc1O)-c1ccc(CNS(=O)(=O)c2cc3ccccc3[nH]2)cc1",7.4815
50534914,"OCc1c([nH]c2ccccc12)S(=O)(=O)NCc1ccc(cc1)-c1ccccc1",7.9208
50548493,"Fc1ccc(cc1)S(=O)(=O)N1[C@@H](C2CC2)C2(CCS(=O)(=O)CC2)c2cc(ccc12)C(=O)NCc1ncc(cc1Cl)C(F)(F)F",5.4685
50576359,"Clc1ccc(NC(=O)NCCc2ccccc2)cc1",5.7933
50576360,"Clc1ccc(NC(=O)NCCc2ccc(cc2)N2CCCCC2)cc1",6.0134
50576361,"Clc1ccc(NC(=O)NCCc2ccc(cc2)N2CCCC2)cc1",5.2501
50576362,"CCN(CC)c1ccc(CCNC(=O)Nc2ccc(Cl)cc2)cc1",5.5
50576363,"CN(C)c1ccc(CCNC(=O)Nc2ccc(Cl)cc2)cc1",5.8976
50576365,"Clc1ccc(NC(=O)NCCCc2ccccc2)cc1",5.4
50576368,"FC(F)(CNC(=O)Nc1ccc(Cl)cc1)c1ccccc1",5.8
50576369,"Clc1ccc(NC(=O)NCC2(CC2)c2ccccc2)cc1",5.3
50576371,"Clc1ccc(NC(=O)NC[C@H]2C[C@@H]2c2ccccc2)cc1",5.6
50576372,"Clc1ccc(NC(=O)NCCc2ccccn2)cc1",5.4
50576375,"Clc1ccc(NC(=O)NCCN2CCOCC2)cc1",5.6001
50576376,"Clc1ccc(NC(=O)NCCN2CCCC2)cc1",5.6334
50576381,"CC(=O)NCCNC(=O)Nc1ccc(Cl)cc1",5.8
50584036,"CC(C)(C)c1ccc(CCNC(=O)Nc2ccc(Cl)cc2)cc1",6.27
50584037,"Clc1ccc(NC(=O)NCCc2ccc(cc2)-c2ccccc2)cc1",6.06
50584038,"CN(C)c1cccc(CCNC(=O)Nc2ccc(Cl)cc2)c1",5.7899
50584039,"COc1ccccc1CCNC(=O)Nc1ccc(Cl)cc1",5.8
50584040,"COc1cccc(CCNC(=O)Nc2ccc(Cl)cc2)c1",5.4566
50584041,"COc1ccc(CCNC(=O)Nc2ccc(Cl)cc2)cc1OC",5.7501
50584042,"COc1cc(CCNC(=O)Nc2ccc(Cl)cc2)cc(OC)c1",5.9698
50584045,"Cc1cccc(CCNC(=O)Nc2ccc(Cl)cc2)c1",6.3123
50584046,"Cc1ccc(CCNC(=O)Nc2ccc(Cl)cc2)cc1",5.8065
50584047,"Cc1ccc(CCNC(=O)Nc2ccc(Cl)cc2)cc1C",6.283
50584048,"Cc1cc(C)cc(CCNC(=O)Nc2ccc(Cl)cc2)c1",6.3588
50584049,"[O-][N+](=O)c1ccc(CCNC(=O)Nc2ccc(Cl)cc2)cc1",6.1169
50584051,"Clc1ccc(NC(=O)NCCc2cccc(c2)C#N)cc1",6.3262
50584052,"Clc1ccc(NC(=O)NCCc2ccc(cc2)C#N)cc1",6.3595
50584053,"Clc1ccc(NC(=O)NCCc2cccc(Br)c2)cc1",6.3651
50584054,"Clc1ccc(NC(=O)NCCc2ccc(Br)cc2)cc1",6.8297
50584055,"Fc1ccccc1CCNC(=O)Nc1ccc(Cl)cc1",6.7696
50584056,"Fc1cccc(CCNC(=O)Nc2ccc(Cl)cc2)c1",6.1108
50584057,"Fc1ccc(CCNC(=O)Nc2ccc(Cl)cc2)cc1",6.0363
50584058,"Clc1ccc(NC(=O)NCCc2ccccc2Cl)cc1",6.6402
50584059,"Clc1ccc(NC(=O)NCCc2cccc(Cl)c2)cc1",6.2158
50584060,"FC(F)(F)c1ccccc1CCNC(=O)Nc1ccc(Cl)cc1",5.9199
50584061,"FC(F)(F)c1cccc(CCNC(=O)Nc2ccc(Cl)cc2)c1",6.5326
50584062,"FC(F)(F)c1ccc(CCNC(=O)Nc2ccc(Cl)cc2)cc1",6.7496
50584063,"FC(F)(F)Oc1cccc(CCNC(=O)Nc2ccc(Cl)cc2)c1",5.7005
50584064,"Clc1ccc(NC(=O)NCCc2cc(Cl)cc(Cl)c2)cc1",6.2466
50584065,"Clc1ccc(NC(=O)NCCc2ccc(Cl)cc2Cl)cc1",6.7799
50584066,"Fc1cccc(Cl)c1CCNC(=O)Nc1ccc(Cl)cc1",6.4001
50584067,"Fc1cc(F)c(CCNC(=O)Nc2ccc(Cl)cc2)c(F)c1",7.1024
50584068,"Fc1c(F)c(F)c(CCNC(=O)Nc2ccc(Cl)cc2)c(F)c1F",7.4949
50585665,"CC(C)(C)C(\N)=N\C(=N\S(=O)(=O)N1CCOCC1)\N1CC(C(=N1)c1ccc(Cl)cc1)c1ccccc1",7.4685
50585670,"CC(C)(C)C(\N)=N\C(=N\S(=O)(=O)N1CCCC1)\N1CC(C(=N1)c1ccc(Cl)cc1)c1ccccc1",7.2147
50586515,"Cc1c(nn(CCCCCO)c1-c1ccccc1)C(=O)NCCc1cccc(c1)\N=N/c1ccccc1",5.4815
50586516,"Cc1c(nn(CCCCCO)c1-c1ccccc1)C(=O)NCCc1ccc(cc1)\N=N/c1ccccc1",5.4815
50586517,"Cc1c(nn(CCCCCO)c1-c1ccccc1)C(=O)NCCCc1ccccc1\N=N/c1ccccc1",5.4089
50586518,"Cc1c(nn(CCCCCO)c1-c1ccccc1)C(=O)NCCCc1cccc(c1)\N=N/c1ccccc1",5.4202
50586519,"Cc1c(nn(CCCCCO)c1-c1ccccc1)C(=O)NCCCc1ccc(cc1)\N=N/c1ccccc1",5.2676
50586520,"Cc1c(nn(CCCCCO)c1-c1ccccc1)C(=O)NCc1ccccc1\N=N\c1ccccc1",5.7959
50586521,"Cc1c(nn(CCCCCO)c1-c1ccccc1)C(=O)NCCc1ccccc1\N=N\c1ccccc1",5.4202
50586522,"Cc1c(nn(CCCCCO)c1-c1ccccc1)C(=O)NCCc1cccc(c1)\N=N\c1ccccc1",5.2291
50586523,"Cc1c(nn(CCCCCO)c1-c1ccccc1)C(=O)NCCCc1ccccc1\N=N\c1ccccc1",5.0458
50586524,"Cc1c(nn(CCCCCO)c1-c1ccccc1)C(=O)NCCCc1cccc(c1)\N=N\c1ccccc1",5.3188
50586525,"Cc1c(nn(CCCCCO)c1-c1ccccc1)C(=O)Nc1cccc(c1)\N=N\c1ccccc1",5.2076
50586527,"Cc1c(nn(CCCCCO)c1-c1ccccc1)C(=O)NCc1ccccc1\N=N/c1ccccc1",5.9586
50586528,"Cc1c(nn(CCCCCO)c1-c1ccccc1)C(=O)NCc1cccc(c1)\N=N/c1ccccc1",5.2366
50586529,"Cc1c(nn(CCCCCO)c1-c1ccccc1)C(=O)NCc1ccc(cc1)\N=N/c1ccccc1",5.3872
50586530,"Cc1c(nn(CCCCCO)c1-c1ccccc1)C(=O)NCCc1ccccc1\N=N/c1ccccc1",5.7696
50586533,"Cc1c(nn(CCCCCO)c1-c1ccccc1)C(=O)Nc1cccc(c1)\N=N/c1ccccc1",5.6198
50586534,"Cc1c(nn(CCCCCO)c1-c1ccccc1)C(=O)NCc1cccc(c1)\N=N\c1ccccc1",5.0269
50586535,"Cc1c(nn(CCCCCO)c1-c1ccccc1)C(=O)NCc1ccc(cc1)\N=N\c1ccccc1",5.0809
50586536,"Cc1c(nn(CCCCCO)c1-c1ccccc1)C(=O)NCCc1ccc(cc1)\N=N\c1ccccc1",5.1024
50586537,"Cc1c(nn(CCCCCO)c1-c1ccccc1)C(=O)NCCCc1ccc(cc1)\N=N\c1ccccc1",5.1427
50590204,"Fc1cc(F)c2cc([nH]c2c1)C(=O)NCCc1ccc2OCOc2c1",6.4283
50594768,"COc1cc(\C=C2/N=C(Nc3ccccc3)NC2=O)ccc1O",5.3276
50594789,"O=C1NC(Nc2ccc(cc2)N2CCCCC2)=N\C1=C/c1ccc2OCOc2c1",7.041
50594792,"COc1cc(\C=C2/N=C(Nc3ccc(cc3)N3CCCCC3)NC2=O)ccc1O",6.5272
50594802,"O=C1NC(Nc2ccccc2)=N\C1=C/c1ccc2OCCCOc2c1",6.0506
50594811,"CCCCCCc1ccc(NC2=N\C(=C/c3ccc(O)c(OC)c3)C(=O)N2)cc1",5.6979
50594813,"Fc1cccc(\C=C2/N=C(Nc3ccccc3)NC2=O)c1",6.0381
