PDB Code,Max Similarity
3fvn,0.28125
3n9s,0.16417910447761194
4wk1,0.16304347826086957
5cs3,0.1935483870967742
3rm4,0.15384615384615385
5ucj,0.1891891891891892
5tbe,0.20481927710843373
2rka,0.1527777777777778
6cdo,0.3022222222222222
1vzq,0.9963898916967509
4des,1.0
1qan,0.16216216216216217
3gcp,0.516320474777448
1lpg,1.0
6cdp,0.3129251700680272
6gjl,0.20606060606060606
1nhz,0.4602510460251046
5tkk,0.14657210401891252
1lpk,1.0
6gon,0.44685466377440347
1c5c,0.44651162790697674
4gii,0.1694915254237288
6fng,0.15789473684210525
6i61,1.0
1om1,0.14838709677419354
3pd9,1.0
2uy5,0.14814814814814814
5nkh,0.14754098360655737
4uof,0.14
3neo,0.5550755939524838
6gjm,0.20606060606060606
5t9u,0.9877300613496932
3tza,0.14285714285714285
3fvk,0.28125
4det,0.5055187637969095
4mgd,0.5042016806722689
5am6,0.17391304347826086
1gaf,0.4351851851851852
6hk3,0.14814814814814814
5mg2,0.24770642201834864
5ia2,0.17625899280575538
5l4j,1.0
6q60,0.16216216216216217
3g0w,1.0
4xy8,1.0
4dew,0.5488069414316703
2iuz,0.1935483870967742
1tpw,0.18
5nkd,0.21033210332103322
3gkz,0.21888412017167383
3n3g,0.23963133640552994
5cj6,0.7355371900826446
2oxy,0.14838709677419354
4jal,0.1592920353982301
6bbx,0.14285714285714285
1dl7,0.5963302752293578
1a28,0.9128630705394191
2pbw,0.5258964143426295
5orh,0.1935483870967742
2cn0,1.0
1oau,0.5584415584415584
2weq,0.5789473684210527
5ivc,0.15217391304347827
2r0z,0.5287356321839081
2nmx,0.3178294573643411
5nkc,0.1888111888111888
4pmm,0.27208480565371024
3isj,0.16417910447761194
1zoh,0.1896551724137931
4fys,0.15151515151515152
4qnb,0.13432835820895522
3nee,1.0
1efy,0.16981132075471697
5nkg,0.16
4i3z,0.9133574007220217
2rk8,0.16216216216216217
3be9,0.1896551724137931
6jof,0.16129032258064516
4hzm,0.1744186046511628
3fv1,0.28125
2p7a,1.0
5ihh,1.0
5nk2,0.171875
6c9s,0.13580246913580246
4gg7,0.1685823754789272
1yei,0.5882352941176471
4x48,1.0
6qav,0.21153846153846154
2fxs,0.5885167464114832
4wt2,0.1935483870967742
5i9x,0.19230769230769232
5nk8,0.19591836734693877
6nwk,0.5502008032128514
4ivd,0.25
2pvk,0.1896551724137931
3zcl,0.44673539518900346
2wer,0.5714285714285714
3qqs,0.16129032258064516
3ml5,0.15555555555555556
4bcm,0.9963898916967509
3hvi,0.16279069767441862
4lj5,0.15555555555555556
1azm,0.3178294573643411
3qxt,0.5241935483870968
1mfd,0.6055045871559633
5nk9,0.1971326164874552
4bco,0.5663082437275986
5umx,0.14285714285714285
3sr4,0.15151515151515152
1kel,0.5802752293577982
5tp0,0.726457399103139
2hhn,0.23963133640552994
5otz,0.9908256880733946
3arx,0.1388888888888889
3bqc,0.9969418960244648
4i5c,0.22661870503597123
5otr,0.9908256880733946
5ia5,0.20353982300884957
1e3g,0.512
5dyo,0.1773049645390071
5mo8,0.1935483870967742
3ubd,0.1774193548387097
3kdm,0.41284403669724773
3fv2,0.28125
4gqp,0.22270742358078602
4j7d,0.5348837209302325
2nn7,0.3178294573643411
5uc4,0.19607843137254902
3s2v,0.515748031496063
3qlm,0.1774193548387097
5umy,0.14285714285714285
2xn5,0.17857142857142858
6qe0,0.1875
5fhm,1.0
5ouh,0.9658536585365853
6h37,0.3176470588235294
5fto,0.16216216216216217
5wp5,0.1694915254237288
3r7o,0.16216216216216217
1utl,0.40540540540540543
4rww,0.1935483870967742
2vw5,0.580952380952381
4gfo,0.21804511278195488
1i37,0.7605042016806722
3twp,0.16129032258064516
5f1h,1.0
1mrs,0.14864864864864866
2isw,0.14285714285714285
6hk4,0.14814814814814814
1yej,0.5882352941176471
6gl9,0.1864406779661017
3ozt,0.16279069767441862
1egh,0.16216216216216217
6mqc,0.24541284403669725
3hek,0.12962962962962962
3lpi,0.4332493702770781
1s89,0.16216216216216217
2oxx,0.14838709677419354
6pid,0.16071428571428573
3ldp,0.21428571428571427
2w4x,0.17647058823529413
4o2p,0.20155038759689922
4del,0.16666666666666666
4bck,0.5629496402877698
6ex1,0.35019455252918286
4qdk,0.16071428571428573
2wq5,0.2857142857142857
6bdy,0.136986301369863
1f4x,0.5871559633027523
5h8g,0.25617283950617287
3qox,0.15714285714285714
5vja,0.20676691729323307
6cjr,0.18660287081339713
3fl5,0.14838709677419354
4ase,0.16129032258064516
1utm,0.40540540540540543
5hcv,0.14925373134328357
3hzm,0.39864864864864863
3o8p,0.22916666666666666
4isu,1.0
5zhl,0.16129032258064516
6g3v,0.3515625
6bhv,0.17307692307692307
4bcp,0.9964093357271095
4yb5,0.16666666666666666
6glb,0.17328519855595667
5ivv,0.15217391304347827
4gj2,0.1694915254237288
4pfu,0.14130434782608695
6bm6,0.136986301369863
4unp,0.14864864864864866
5aqz,0.15384615384615385
3c52,0.16417910447761194
4k3n,0.1774193548387097
2cf9,1.0
4qjx,0.3333333333333333
5ia0,0.19011406844106463
4eor,0.17857142857142858
5ivy,0.15217391304347827
4j7e,0.5348837209302325
1mfa,0.5963302752293578
2f1g,0.18181818181818182
5ia3,0.29844961240310075
3nyx,0.15891472868217055
4e4l,0.7075812274368231
4yhm,0.29330254041570436
5nk3,0.15384615384615385
5nki,0.19230769230769232
2pvl,0.1896551724137931
3ujc,0.15517241379310345
4gkm,0.16129032258064516
6nfh,1.0
3d2e,0.16129032258064516
4ei4,0.24742268041237114
1m7i,0.4009433962264151
2r1y,0.2764976958525346
5i8g,0.1527777777777778
5nk4,0.23333333333333334
5ive,0.2
6g5u,0.3333333333333333
1aj7,0.4351851851851852
3n9r,0.16417910447761194
6orr,0.20512820512820512
3hub,0.5104477611940299
4yho,0.29330254041570436
2f34,0.9960159362549801
3rm9,0.15384615384615385
3gcu,0.5085227272727273
5cbs,1.0
5exw,0.17647058823529413
6dq4,0.2
4ivb,0.2354948805460751
2bmk,0.23972602739726026
4fs4,0.4332493702770781
3ai8,0.14035087719298245
4p5z,0.19157088122605365
4gu9,0.6190476190476191
1m2p,0.14838709677419354
4a7i,0.14
2f35,0.9960159362549801
5ork,0.1935483870967742
2qu6,0.16666666666666666
2c1p,0.47706422018348627
3ozr,0.16279069767441862
2a14,0.27626459143968873
3d0e,0.23461538461538461
1mmr,0.48484848484848486
4kao,0.18253968253968253
1j17,0.7174887892376681
6f3b,0.35019455252918286
1ogg,0.9979879275653923
1bm7,1.0
4asd,0.16129032258064516
6fnj,0.19767441860465115
2p15,0.5877192982456141
1m2q,0.14838709677419354
6nwl,0.5502008032128514
3mdz,0.13934426229508196
3bbb,0.14814814814814814
5x62,0.15
5oqu,0.1935483870967742
4p6x,0.7049180327868853
4uyf,0.3157894736842105
1nw5,0.171875
4v01,0.3985239852398524
3oe4,0.16279069767441862
2wlz,0.14912280701754385
3a9i,0.15267175572519084
4mr6,0.981651376146789
2pog,0.5146067415730337
4k9y,0.4418604651162791
4bup,0.1566265060240964
5l4m,1.0
3iw5,0.18452380952380953
5mkr,0.15584415584415584
3str,0.16666666666666666
5l7g,0.7231404958677686
3arq,0.1388888888888889
4m0r,0.16129032258064516
6fyz,0.14736842105263157
3p2e,0.14814814814814814
2xb7,0.20689655172413793
1zea,0.5
2bvs,0.5487364620938628
6i8t,0.16981132075471697
4g8n,0.27058823529411763
1w9v,0.1935483870967742
1zog,0.14838709677419354
5aa9,0.18243243243243243
1jgl,0.41904761904761906
2p2a,0.9769230769230769
3gba,0.16129032258064516
5cqu,0.1891891891891892
5mlj,1.0
3bbf,0.14814814814814814
1w9u,0.1935483870967742
1mmq,0.48484848484848486
3pwd,0.14838709677419354
4p58,0.16666666666666666
5u4d,1.0
1pz5,0.4009433962264151
3u6h,0.17647058823529413
4cd0,0.18243243243243243
4lj8,0.1509433962264151
3ipq,0.14883720930232558
5l7h,0.728744939271255
5orj,0.1935483870967742
4azc,0.19047619047619047
5nkb,0.1971326164874552
3h78,0.23659305993690852
5tkj,0.22790697674418606
2pvm,0.1896551724137931
2oxd,0.14838709677419354
1n0s,0.16184971098265896
4tmk,0.15517241379310345
3kmx,0.18181818181818182
4ymg,0.14492753623188406
6hoq,0.9969418960244648
4bcn,0.5634057971014492
1r0p,0.19047619047619047
6bm5,0.136986301369863
3v5p,0.16666666666666666
5twj,0.14035087719298245
4rwj,0.22807017543859648
3h89,0.8093023255813954
6gjj,0.20606060606060606
1w7g,0.5523465703971119
5cs6,0.1891891891891892
2ihq,1.0
6qe5,0.17857142857142858
5nk6,0.17407407407407408
5mks,0.17647058823529413
4owv,0.14864864864864866
6h36,0.31640625
5nka,0.20155038759689922
4jne,0.18404907975460122
6gla,0.17328519855595667
4hbm,0.1935483870967742
5lwm,0.2581818181818182
3e5a,0.16312056737588654
5mwp,0.7407407407407407
6fs0,0.19444444444444445
6idb,0.18
2e27,0.16964285714285715
6q54,0.16216216216216217
4flp,1.0
6faf,0.35019455252918286
4d3h,0.20212765957446807
1mh5,0.2891891891891892
1utj,0.40540540540540543
1oar,0.5584415584415584
5h8e,0.1891891891891892
6gji,0.20606060606060606
4deu,0.16666666666666666
3q6w,0.20068027210884354
6ftw,0.14754098360655737
3ifl,0.5150115473441108
2o0u,0.5045317220543807
2uy4,0.16129032258064516
2ccb,0.1875
5t9w,0.9877300613496932
4ehz,0.1568627450980392
5csp,0.9908256880733946
6pve,0.1794871794871795
2xj7,0.7832764505119454
6sbt,1.0
5j8u,0.16666666666666666
3uyr,0.21957040572792363
1mjj,0.5837209302325581
6d3q,1.0
3uj9,0.15517241379310345
1pme,0.14285714285714285
3iw6,0.18991097922848665
6gjn,0.20606060606060606
4jn2,0.5069124423963134
1amw,0.5885167464114832
5t9z,0.9877300613496932
3gm0,0.22362869198312235
4qew,0.32142857142857145
5ct2,0.1935483870967742
1lpz,1.0
3udd,0.7107843137254902
5ufs,0.5524193548387096
3ijh,0.37264150943396224
5os8,0.9908256880733946
3hvj,0.16279069767441862
4nja,0.6485849056603774
2nn1,0.3178294573643411
3g0e,0.1896551724137931
3hzv,0.49658314350797267
6b7b,0.9936305732484076
2oiq,0.2131782945736434
3vhk,0.2053872053872054
4ag8,0.1746031746031746
2rkd,0.14583333333333334
5i9z,0.20930232558139536
2p7g,1.0
6gzd,0.171875
3v5t,0.16666666666666666
2pcp,0.5162037037037037
6cjs,0.1792452830188679
3kku,0.25116279069767444
4gj3,0.1694915254237288
3fuz,0.28125
4ybk,0.2248062015503876
4c2v,0.49230769230769234
1ql9,0.7354260089686099
4loy,1.0
3arp,0.1388888888888889
3nes,0.9913978494623656
2ccc,0.1875
3oe5,0.16279069767441862
2ewa,0.22727272727272727
4fk6,0.23636363636363636
3gbb,0.29411764705882354
3arw,0.1388888888888889
1y0l,0.5321100917431193
3lxe,0.3515625
2zjw,0.15789473684210525
4uin,0.23853211009174313
5f2p,1.0
1ciz,1.0
2r23,0.28863636363636364
6i65,1.0
1mrn,0.14864864864864866
3bpc,0.2691415313225058
3t3u,0.20384615384615384
3zc5,0.1402439024390244
5tmp,0.15517241379310345
5ey4,0.35714285714285715
5nk7,0.19230769230769232
5wal,0.1694915254237288
2pvh,0.1896551724137931
5ta2,0.9877300613496932
3kmy,0.18181818181818182
5ia4,0.1821561338289963
3mof,0.16091954022988506
3q2j,0.15492957746478872
1nw7,0.171875
6i8m,0.16981132075471697
2wgj,0.1402439024390244
2pu1,0.15384615384615385
6eir,0.15
2cf8,1.0
3zze,0.4697508896797153
4owm,0.16129032258064516
5bw4,0.15217391304347827
2wky,0.5196850393700787
1h1s,1.0
3p3s,1.0
6c9v,0.13580246913580246
1b57,0.17857142857142858
2bvr,0.9061371841155235
6evr,0.35019455252918286
5os7,1.0
3owj,0.9969418960244648
4qev,0.9724770642201835
4clj,0.18243243243243243
5lud,0.20606060606060606
2jiw,1.0
6fz4,1.0
5kva,0.16470588235294117
3h30,0.1891891891891892
6fni,0.17624521072796934
5mwy,0.7172131147540983
3hzk,0.3945578231292517
4m7j,0.2072892938496583
5njz,0.27906976744186046
3zbx,0.2
4hy1,0.16
1pdz,0.1875
5am7,0.18181818181818182
4der,1.0
1s5z,0.14705882352941177
4knm,0.31007751937984496
1bgq,0.580952380952381
3zxz,0.1402439024390244
3fas,0.9
4n8q,0.15384615384615385
4hu1,0.14516129032258066
2wm0,0.14912280701754385
1m7d,0.4009433962264151
5h5f,0.14754098360655737
6i66,1.0
1m2r,0.14838709677419354
3u92,0.33858267716535434
3lxk,0.21804511278195488
3czv,0.3333333333333333
4zzz,0.16666666666666666
3qxv,0.5203252032520326
1lke,0.13636363636363635
4acc,0.14814814814814814
4ij1,0.16129032258064516
2qbu,0.14736842105263157
3ozs,0.16279069767441862
1atr,0.17857142857142858
2pvj,0.1896551724137931
6fhk,0.15
2vxn,0.17857142857142858
2bq7,0.14
6cpw,0.16158536585365854
5en3,1.0
3sw8,0.16666666666666666
4rrf,0.1891891891891892
6g98,0.16296296296296298
2wca,0.17647058823529413
5mod,0.1891891891891892
3pe2,0.9969418960244648
3u81,0.21739130434782608
4ap7,0.1402439024390244
5alb,0.1956521739130435
2wly,0.14912280701754385
6ift,0.17391304347826086
6fag,0.35019455252918286
2iwx,0.580952380952381
4cp5,0.15789473684210525
4aoi,0.1402439024390244
4ivc,0.2354948805460751
6idg,0.5141509433962265
6p5o,0.14583333333333334
3kgt,0.48366013071895425
2tpi,0.14705882352941177
3ipu,0.6932773109243697
5mes,1.0
3r88,0.16129032258064516
4knn,0.3333333333333333
3tao,0.17142857142857143
5evz,0.21428571428571427
3lpk,0.4332493702770781
6ets,1.0
6pia,0.17857142857142858
2uy3,0.14814814814814814
3c56,0.16417910447761194
5vm0,0.15748031496062992
2rke,0.1527777777777778
4nj9,0.4740566037735849
6i67,1.0
2wr8,0.1485148514851485
5l7e,0.7272727272727273
4ax9,0.5523465703971119
2h21,0.15714285714285714
5osl,0.1891891891891892
4agc,0.15789473684210525
4lar,0.20600858369098712
2yge,0.5714285714285714
3u6i,0.17647058823529413
4loi,0.13559322033898305
1fl3,0.2860520094562648
3uu1,0.16129032258064516
5ikb,0.18333333333333332
6mqe,0.562929061784897
1ik4,0.16216216216216217
3pd8,1.0
1zoe,0.14838709677419354
1flr,0.5894495412844036
6f28,0.33858267716535434
2hkf,0.6186046511627907
2xn3,0.3575268817204301
5a2i,0.22767857142857142
2cgr,0.6290322580645161
3h8b,0.8093023255813954
5vl2,0.1282051282051282
1uz8,0.5220417633410673
4dld,0.29069767441860467
2baj,0.16216216216216217
5f1x,0.21428571428571427
3i9g,0.22018348623853212
5k03,0.16279069767441862
2cgf,0.5885167464114832
6i62,1.0
6msy,0.5330188679245284
6gzm,0.16129032258064516
2yfx,0.22968197879858657
2cc7,0.1875
5owl,0.1891891891891892
5e1s,0.2147887323943662
5kz0,0.20141342756183744
2p7z,1.0
1qkt,0.21774193548387097
456c,1.0
5fho,0.9767441860465116
5eu1,1.0
5nbw,0.531322505800464
4ymh,0.14492753623188406
6h38,0.31640625
966c,0.5256410256410257
3ohi,0.14556962025316456
2w8y,0.900398406374502
1lnm,0.1375
4ek9,0.15151515151515152
4gue,0.175
1d6v,0.43648960739030024
4zvi,0.18487394957983194
4e4n,0.2354948805460751
4k77,0.23381294964028776
4u0f,0.14035087719298245
2ptz,0.15384615384615385
3sxf,0.20384615384615384
3s9e,0.1774193548387097
3gcs,0.14
4p6w,0.7090163934426229
6i64,1.0
4qf9,0.18032786885245902
5u4b,1.0
5f2r,0.17647058823529413
5ta4,0.9877300613496932
3v51,0.16666666666666666
3ujd,0.14754098360655737
2boh,0.14
1kv1,0.23867069486404835
6i63,1.0
5cu4,0.9908256880733946
5f25,1.0
3cft,1.0
3npc,0.834733893557423
6fnf,0.1891891891891892
6gjr,0.20606060606060606
4hym,0.16
4je8,0.15384615384615385
5cp9,0.1935483870967742
1vso,0.18032786885245902
5ya5,0.16129032258064516
2vwc,0.5885167464114832
3sio,0.1308411214953271
4cmo,0.18243243243243243
2bak,0.23353293413173654
5x8i,0.14
2fai,0.3907563025210084
3ha6,0.17333333333333334
1qku,0.16129032258064516
4urm,0.1414141414141414
5owh,0.1891891891891892
3tnh,0.18141592920353983
4ipf,0.17647058823529413
6ful,0.14285714285714285
4q1e,0.15492957746478872
4ib5,0.1891891891891892
4u0d,0.14035087719298245
3tpx,0.5662650602409639
2xvn,0.16071428571428573
4lgg,0.1724137931034483
6pi1,0.17857142857142858
2rc9,0.1602787456445993
4hnf,0.14285714285714285
4yjn,0.16666666666666666
2exc,0.1386861313868613
5dxe,0.29385964912280704
3m53,0.15
6fff,0.8482142857142857
3fhr,0.15
3bel,0.19011406844106463
4j26,0.3815789473684211
4uu7,1.0
2brc,0.580952380952381
4axm,0.8027522935779816
3t3v,0.20384615384615384
5w6t,0.13333333333333333
4fak,0.14545454545454545
4zjr,1.0
3bz3,0.1891891891891892
2bdj,0.1889763779527559
5xvk,0.23371647509578544
3g4g,0.14457831325301204
3k3i,0.23493975903614459
3hd3,0.24651162790697675
6bgu,0.2
2vwy,0.2037037037037037
6bgv,0.2
3hvk,0.16279069767441862
1qpe,0.14516129032258066
4z3v,1.0
5e1e,0.40860215053763443
6hor,0.9969418960244648
1hiy,0.14705882352941177
4dvi,0.2621359223300971
2ow3,0.14814814814814814
4e1z,0.20408163265306123
5ayf,0.15
2ms4,0.20606060606060606
5i2i,0.46774193548387094
3piz,0.20967741935483872
5ety,0.7004830917874396
5eyc,0.14285714285714285
6nfi,0.2697095435684647
1eb1,0.5415162454873647
4r3s,0.336283185840708
1urc,0.9351351351351351
5u48,1.0
3e7o,0.15714285714285714
5w6r,0.13333333333333333
4msk,0.18461538461538463
5ct1,0.1935483870967742
3m55,0.15
6mo9,1.0
5hyq,0.4700460829493088
3ekn,0.2053872053872054
2igw,0.6976744186046512
5uiq,0.14391143911439114
5eyk,0.1672473867595819
6jwa,0.1891891891891892
5k6a,0.15384615384615385
3ddp,0.5678571428571428
6hrp,0.6692015209125475
6duk,0.20072992700729927
1cwc,0.20606060606060606
1t79,0.512
5z1e,0.16129032258064516
6s89,0.16071428571428573
4nhc,0.4144144144144144
1aqj,0.1388888888888889
3ch9,0.1935483870967742
3kr5,0.1774193548387097
6f8j,0.18518518518518517
5avi,0.17777777777777778
3pj2,0.1896551724137931
6npe,0.19850187265917604
4zsj,0.16129032258064516
4hvg,0.18992248062015504
4nk9,0.5107913669064749
3sh1,0.15584415584415584
4hni,0.17857142857142858
2jko,0.44921875
6bfa,0.21568627450980393
5moe,1.0
3upz,0.21568627450980393
3rhx,0.23247232472324722
2jb5,0.1930232558139535
2llq,0.208955223880597
6jki,0.14864864864864866
2ai7,0.18333333333333332
6gmd,1.0
3f69,0.16842105263157894
1cyn,0.16216216216216217
4ocx,0.1976470588235294
5oua,0.16216216216216217
4ode,0.1935483870967742
5eel,0.20192307692307693
5zhn,0.14864864864864866
6da4,0.21052631578947367
5eyd,0.14864864864864866
4lxb,1.0
3heg,0.16516516516516516
6dqa,0.2
3ujb,0.16666666666666666
6sd9,0.22264150943396227
2xx5,0.32857142857142857
4g2j,0.17378048780487804
5eoc,0.2191142191142191
6dq8,0.2
5izc,0.15384615384615385
1err,0.41228070175438597
6hkn,0.14982578397212543
5erg,0.15789473684210525
6ebw,0.16666666666666666
4pyo,0.16279069767441862
4u0e,0.1574074074074074
5u6v,1.0
5wmt,0.4666666666666667
6hhh,0.16161616161616163
4k4e,0.18461538461538463
1xp6,0.14492753623188406
5f9e,0.17559523809523808
2jkk,1.0
5t1k,0.4444444444444444
5a9u,0.15517241379310345
4ggl,0.27979274611398963
6iar,0.5485232067510548
5d7r,0.18518518518518517
5lgs,0.16666666666666666
6br3,1.0
5x02,0.14035087719298245
4iwd,0.16216216216216217
4jlg,0.17857142857142858
1s3k,0.4428904428904429
5j1v,0.17857142857142858
3arv,0.1388888888888889
6dq6,0.15217391304347827
4acd,0.14814814814814814
5d7c,0.16
5yy4,0.3813559322033898
4ybj,0.16806722689075632
5xff,0.39776951672862454
6f96,0.18518518518518517
3at4,0.1891891891891892
1xom,0.2331288343558282
5umw,0.16417910447761194
4qxt,0.336283185840708
1hkm,0.14516129032258066
5xhs,0.7099236641221374
1y2d,0.2331288343558282
2l1r,1.0
5iuh,0.16666666666666666
3zjv,0.13829787234042554
3jzs,0.5662650602409639
4j8r,0.14386792452830188
4g17,0.16279069767441862
6bgz,0.2
5u4c,1.0
6h4z,0.14
5k0c,0.21739130434782608
2y07,0.2903981264637002
3p2k,0.14814814814814814
4r1y,0.20152091254752852
1h25,0.5623869801084991
2xx2,0.580952380952381
3e3b,0.16071428571428573
6c9q,0.16923076923076924
6q8p,0.17857142857142858
6nji,0.22741433021806853
4afj,0.1568627450980392
4w4x,0.8830409356725146
4em7,0.16071428571428573
5i8c,1.0
4cby,0.15217391304347827
4e90,0.17378048780487804
1f90,0.5454545454545454
4jjm,0.14705882352941177
4jfz,0.4337899543378995
1qkn,0.3991228070175439
4yp1,0.13829787234042554
2vww,0.14893617021276595
4zlz,1.0
5id0,0.44341801385681295
2vx0,0.2111111111111111
5xvu,0.15714285714285714
5bq0,0.630188679245283
5cyi,0.5663082437275986
3rme,0.15384615384615385
6ayn,0.44341801385681295
4xmo,0.17647058823529413
6sq0,0.5589519650655022
4at4,0.2363013698630137
4jlm,0.16216216216216217
3c7q,0.17391304347826086
1f0q,0.1896551724137931
5t6p,0.508274231678487
4jq7,0.16666666666666666
6bgx,0.15217391304347827
6tel,0.13432835820895522
4utr,1.0
3qg6,0.6892523364485982
4y87,1.0
6eh2,0.16216216216216217
4oew,0.1903114186851211
4hgs,0.16279069767441862
3cbp,0.17857142857142858
5v9t,0.15217391304347827
4uxq,0.16783216783216784
2bmg,0.14
5aaa,0.18305084745762712
4jg1,0.6477272727272727
1xor,0.22118380062305296
5fbn,0.3828125
6hmp,0.16666666666666666
3ikc,0.37264150943396224
1okw,0.9351351351351351
4mr5,0.981651376146789
5jdi,0.15384615384615385
4yb7,1.0
1ibg,0.34942528735632183
6ekd,0.5169230769230769
2g9x,0.5678571428571428
1sqn,0.7419354838709677
4o3b,1.0
4ra5,0.17253521126760563
4z2i,0.14814814814814814
1ttv,0.16666666666666666
1xm6,0.14754098360655737
4hvs,0.19642857142857142
3fv8,0.2668711656441718
5hzx,0.7012987012987013
3dpk,0.15498154981549817
2ntf,0.5871559633027523
3u9c,0.1891891891891892
4ufd,0.9097472924187726
2c5o,0.9351351351351351
6sdd,0.14814814814814814
1axs,0.42725173210161665
4rlk,0.14838709677419354
3uvp,0.16467065868263472
1exv,0.15789473684210525
5twx,0.3486238532110092
4u5j,0.2054263565891473
4anq,0.22968197879858657
3byo,0.14516129032258066
4bs5,0.17647058823529413
1h1r,1.0
6suo,0.5701754385964912
3oxi,0.531055900621118
3efj,0.40569395017793597
5dx3,0.36363636363636365
6pvs,0.1794871794871795
6pyd,0.27684964200477324
3efk,0.40569395017793597
1h1q,1.0
5fqs,0.5579399141630901
4mbc,0.16071428571428573
3tt0,0.16666666666666666
3aru,0.1388888888888889
5d9l,0.1774193548387097
3lnj,0.5662650602409639
2fgi,0.4064748201438849
5zhj,0.16129032258064516
2adm,0.14285714285714285
4z2k,0.14814814814814814
5m4u,0.1891891891891892
4n3w,1.0
4csj,0.4493927125506073
3krj,0.15384615384615385
4hwb,0.15555555555555556
6ow2,0.16666666666666666
3fi2,0.16875
6cyb,0.14942528735632185
6axl,0.5902777777777778
2rgp,0.22807017543859648
5etu,0.4558139534883721
4i4f,0.4196078431372549
2ofv,0.16666666666666666
2xyn,0.15517241379310345
1mhw,0.14473684210526316
2jiu,0.16666666666666666
1tt1,0.41434262948207173
3o96,0.15555555555555556
6e4t,0.9980842911877394
3eqs,0.5662650602409639
4aa0,0.24620060790273557
3p78,0.15963855421686746
3g5y,0.39858490566037735
4nwm,0.38697318007662834
5sys,0.22580645161290322
5mjb,0.171875
6m95,0.23123123123123124
5h0h,0.3333333333333333
3mvm,0.18208955223880596
4n3r,0.18461538461538463
4eh5,0.1884498480243161
4m7x,0.13432835820895522
6db3,0.3054545454545455
4bcq,0.3302919708029197
3ce3,0.42662116040955633
3wf9,0.14893617021276595
5mty,0.16463414634146342
1ebg,0.14285714285714285
4btt,0.14705882352941177
3ipe,1.0
5zhm,0.14864864864864866
5wcl,0.9775280898876404
3svv,0.16475095785440613
6c5h,0.16666666666666666
1ol1,0.9351351351351351
4cfu,0.49280575539568344
5w6u,0.13333333333333333
3p7b,0.15963855421686746
6d28,0.31100478468899523
2isv,0.14285714285714285
3cpb,0.1625
2c4g,0.5642857142857143
3ay9,0.15
6ft9,0.17777777777777778
4ot6,0.17735849056603772
1gwr,0.3771186440677966
1wb0,0.14516129032258066
6dud,0.3014705882352941
4i5p,0.14028776978417265
3ens,0.15384615384615385
3moh,0.15384615384615385
4fny,0.22580645161290322
1mn9,0.15333333333333332
4r6x,0.15517241379310345
1m51,0.1320754716981132
4utx,1.0
2i0e,0.3607142857142857
4hvh,0.25925925925925924
6hhi,0.175
4bjc,0.5431472081218274
2a3a,0.1935483870967742
3p5k,0.15963855421686746
4z16,0.19047619047619047
4wno,0.20146520146520147
3hv6,0.15789473684210525
3u4u,0.1891891891891892
6hwz,0.3515625
4fbx,0.1891891891891892
2am9,1.0
5icy,0.44341801385681295
5oul,0.9908256880733946
3hvh,0.16279069767441862
5eta,0.5402985074626866
3piy,0.17857142857142858
2xu5,0.8055555555555556
6c5k,0.33256880733944955
4jrg,0.16666666666666666
4i6q,0.518796992481203
3r0t,0.9969418960244648
6nvg,0.2647058823529412
4xuc,0.18032786885245902
3gp0,0.15315315315315314
2xp2,0.16216216216216217
4n4v,0.18461538461538463
4mt9,0.6889952153110048
2x9f,0.18490566037735848
3mb7,0.1891891891891892
1ll4,0.1935483870967742
2p2i,0.16906474820143885
5ok3,0.16216216216216217
5d12,0.17391304347826086
5t8e,1.0
4z2h,0.14814814814814814
2aia,0.18333333333333332
2r8q,0.14545454545454545
4ris,0.19457013574660634
5ttu,0.189873417721519
6b2p,0.1891891891891892
2i1m,0.16216216216216217
4fic,0.13793103448275862
1xp9,0.14492753623188406
3m54,0.15
4bgg,0.28668941979522183
5uch,0.19607843137254902
5jfd,0.1891891891891892
4w4v,0.8801169590643275
5hyr,0.1915367483296214
3rm8,0.15384615384615385
4rlp,0.1532567049808429
2pax,0.16981132075471697
1w1p,0.14814814814814814
4h1j,0.28517110266159695
4jg0,0.6492027334851936
6omu,1.0
4tx6,0.16071428571428573
3fn0,0.1518987341772152
4cli,0.18305084745762712
3odi,0.20606060606060606
2vx1,0.2037037037037037
1ngw,0.5093023255813953
4gfn,0.27979274611398963
4hvi,0.3157894736842105
3dhk,0.9960159362549801
4z6h,1.0
3m58,0.14035087719298245
5ci7,0.16363636363636364
3ika,0.16666666666666666
3nwb,0.16279069767441862
3lco,0.16279069767441862
3at3,0.15789473684210525
4xyf,0.14444444444444443
5j1w,0.17857142857142858
1jp5,0.4525862068965517
2aox,0.1625
5ff6,0.46774193548387094
2vqm,0.18414322250639387
6nri,0.16666666666666666
2uue,0.9351351351351351
6cdm,0.47706422018348627
5fd2,0.16
3iux,0.5662650602409639
3hzy,0.27122641509433965
5jrs,0.3688212927756654
2i0v,0.15384615384615385
5f2k,0.1509433962264151
6mx8,0.16129032258064516
4utn,0.9386973180076629
2hrp,0.4811320754716981
3l3z,0.37751004016064255
4za0,0.17777777777777778
4li6,0.7107843137254902
2pl0,0.14516129032258066
5l6o,0.1553398058252427
3ttz,0.16363636363636364
4j7i,0.17857142857142858
5a7y,0.1746031746031746
5n9k,0.1891891891891892
5yji,0.23828125
4au8,0.322463768115942
3oy1,0.14285714285714285
3eys,0.5253456221198156
1okv,0.9351351351351351
3m56,0.15
2ybu,0.20833333333333334
4mb9,0.16071428571428573
6di0,1.0
4j3e,0.5348837209302325
3uqf,0.19183673469387755
6a8g,0.21224489795918366
6b5m,0.16666666666666666
6c9r,0.15789473684210525
2h2e,0.15714285714285714
3zrl,0.1568627450980392
1fig,0.3963963963963964
2iws,0.3380952380952381
3eyg,0.33093525179856115
4mot,0.16071428571428573
3u4w,0.16666666666666666
1qng,0.2235294117647059
4py1,0.16393442622950818
6d1x,0.21568627450980393
2iwu,0.580952380952381
4mcb,0.14691943127962084
3vbg,0.5662650602409639
5a2s,0.15217391304347827
5maj,0.817351598173516
2hwp,0.16304347826086957
4unq,0.14864864864864866
3ggw,0.5117370892018779
6bbu,0.30824372759856633
5owt,0.8038277511961722
6nvi,0.2962962962962963
1gag,0.16216216216216217
3pup,0.14814814814814814
4afh,0.1891891891891892
5myk,0.6095890410958904
3lq8,0.41007194244604317
5h0b,0.3333333333333333
6c91,0.45794392523364486
5vfm,0.9834710743801653
3f66,0.18055555555555555
3zrk,0.1568627450980392
6itp,0.336
4mg5,0.6848739495798319
4ia0,0.19696969696969696
6b2q,0.17857142857142858
1y6b,0.1935483870967742
5jzn,0.208955223880597
6f29,0.33858267716535434
4pm0,0.16981132075471697
3r2b,0.15384615384615385
6fyi,0.14754098360655737
2jbo,0.15517241379310345
2uze,0.9369369369369369
3wf7,0.1453287197231834
5ir1,0.46774193548387094
4xv1,0.14705882352941177
4nw6,0.16
6iuo,0.26277372262773724
6gy1,0.16279069767441862
3p79,0.15963855421686746
4qps,0.17142857142857143
6db4,0.35144927536231885
3w69,0.17647058823529413
6azl,0.44341801385681295
6ct7,0.32084309133489464
4eoi,0.4891696750902527
5cs5,0.1935483870967742
5k0f,0.21739130434782608
5mw4,0.15151515151515152
5wqa,0.15714285714285714
4ret,0.1794871794871795
4mcc,0.14628297362110312
4eh6,0.1880597014925373
4wnp,0.20072992700729927
3aqa,0.3853211009174312
6m9l,0.14
2oz2,0.25116279069767444
5t1l,0.44651162790697674
5ftq,0.17667844522968199
6mo7,1.0
5wfj,0.16666666666666666
6q6o,1.0
2hd1,0.13333333333333333
3fcb,1.0
6ten,0.15151515151515152
6i8z,0.5900383141762452
4xrq,0.13432835820895522
3mwu,0.19298245614035087
1a4h,0.580952380952381
6h52,0.14
3tvx,0.15873015873015872
3zya,0.23699421965317918
6bx6,0.2880658436213992
3bys,0.20392156862745098
1nqc,0.2350230414746544
4gg5,0.1839080459770115
5l2w,0.5673249551166966
4acg,0.14814814814814814
5ous,0.1717171717171717
4jn4,0.18404907975460122
3ls4,0.3963963963963964
1aqi,0.1388888888888889
4i9i,0.18461538461538463
3bym,0.1774193548387097
6f26,0.16831683168316833
5z9e,0.3081081081081081
6m87,0.2224824355971897
2x2c,0.26993865030674846
3pb3,0.15555555555555556
5uc1,0.3951219512195122
5fwa,0.17307692307692307
4wy7,0.22632794457274827
2h2j,0.15714285714285714
5trf,0.17777777777777778
2r4b,0.2862190812720848
3hpt,0.15384615384615385
3vs3,0.3333333333333333
1t7f,0.512
1jqd,0.14130434782608695
2xtk,0.13333333333333333
5ih5,0.15384615384615385
2o2u,0.14814814814814814
3dbd,0.175
2bvx,0.5523465703971119
4jsc,0.5542168674698795
6hhg,0.19
5w86,0.1774193548387097
3ptg,0.49117647058823527
2isc,0.9173913043478261
2p33,0.5030120481927711
6nzm,0.3231939163498099
5kpk,0.14814814814814814
2bq6,0.14
6f7t,0.27505827505827507
6df1,0.4700460829493088
4mf0,0.22580645161290322
5u2c,0.16666666666666666
6f1w,0.14736842105263157
3r2y,0.17647058823529413
4m1d,0.6126126126126126
4giu,0.15384615384615385
5ece,0.18461538461538463
4qtb,0.13253012048192772
3fi3,0.15384615384615385
3odl,0.20606060606060606
6k0j,0.13559322033898305
2nyr,0.6928838951310862
6cz3,0.19083969465648856
1w2g,0.14864864864864866
6qs5,0.14838709677419354
5yjf,0.234375
1bqo,1.0
5lla,0.3333333333333333
4eym,0.1511627906976744
4hyu,0.5559006211180124
2mps,0.1935483870967742
5eob,0.46875
3uh2,0.4623115577889447
6s8a,0.16071428571428573
1p0y,0.1864406779661017
5uga,0.16393442622950818
4eh7,0.18397626112759644
1zkn,0.15714285714285714
6ffe,0.8482142857142857
2ank,1.0
4e0w,0.33858267716535434
3p7c,0.15963855421686746
5u4g,1.0
5jzy,0.18181818181818182
4r1v,0.20761245674740483
4v05,0.27526132404181186
5aac,0.15517241379310345
4rwk,0.22807017543859648
4a22,0.16666666666666666
4nwd,0.33858267716535434
4xdo,0.16666666666666666
6bkw,0.17735849056603772
3db8,0.175
1w8l,0.20606060606060606
2bkz,0.5678571428571428
6oko,0.17647058823529413
1me3,0.25116279069767444
6bgy,0.2
3vhe,0.18
3rhk,0.13761467889908258
4zsa,0.25862068965517243
3g5v,0.41646489104116224
1szm,0.17204301075268819
3fc1,0.1618705035971223
3lok,0.19327731092436976
4e6c,0.19696969696969696
5lgp,0.16666666666666666
3m59,0.15
3eyu,0.5217391304347826
6ehh,0.15789473684210525
4dei,0.15555555555555556
1y2k,0.2331288343558282
2fx7,0.4144144144144144
5j87,0.6844106463878327
1kv2,0.21846153846153846
5dd0,0.18013856812933027
3aox,0.14893617021276595
5swh,0.22580645161290322
3i02,0.4159090909090909
2ewy,0.14285714285714285
3cgo,0.5030120481927711
2w3i,0.9649122807017544
4ksq,0.16
4udb,0.1885245901639344
3hec,0.14035087719298245
4jib,0.16901408450704225
1ets,0.8614864864864865
2vx9,0.19047619047619047
6sdc,0.1853146853146853
6cf5,0.1891891891891892
6fil,0.14035087719298245
3zbf,0.175
6baw,0.1724137931034483
5a2k,0.23555555555555555
3ztx,0.49230769230769234
2vgo,0.49230769230769234
3k54,0.1728395061728395
5qby,0.1388888888888889
1fvv,0.564748201438849
2bqw,0.14
4p6e,0.1509433962264151
5fqv,0.5579399141630901
2zoq,0.13253012048192772
3rtp,0.1419939577039275
2fx8,0.4144144144144144
6nrh,0.15151515151515152
5ylt,0.203125
5id1,0.44730679156908665
6nvj,0.5814814814814815
5hg8,0.21333333333333335
2bxu,0.5523465703971119
5vgo,0.17735849056603772
3c1x,0.2103448275862069
3q96,0.17041800643086816
3upx,0.21568627450980393
3eid,0.1906474820143885
3lzb,0.22093023255813954
3k3e,0.15789473684210525
4wup,0.3515625
5okt,0.1643835616438356
2y1x,0.16666666666666666
4mg7,0.5
4ufe,0.9061371841155235
2p4i,0.1782178217821782
5t92,0.1459227467811159
4loj,0.13636363636363635
4mxa,0.16666666666666666
5a3n,0.14
4dbn,0.16
6hot,0.9969418960244648
5h0g,0.3333333333333333
4nw5,0.16
5dsx,0.15151515151515152
6bln,1.0
4mg8,0.680672268907563
3eyf,0.27927927927927926
4otg,0.2013888888888889
6a06,0.25806451612903225
2b1z,0.3697478991596639
2wei,0.16129032258064516
4eos,0.9243243243243243
5khx,0.2805755395683453
1ta2,0.4908424908424908
4nka,0.5477031802120141
5myo,0.8276643990929705
3fzs,0.1968503937007874
3oay,0.8213457076566125
5vm6,0.4418604651162791
4mcv,0.20930232558139536
1mm6,0.14285714285714285
6s9w,0.175
2xml,0.16666666666666666
4j74,0.5348837209302325
6anl,0.5177514792899408
2xn6,0.3602150537634409
4u4s,0.9767441860465116
5hx8,0.16071428571428573
3ary,0.1388888888888889
1zuc,0.9128630705394191
6b5r,0.2164705882352941
6c7r,0.8055555555555556
6izq,0.17647058823529413
4fc0,0.16363636363636364
6df2,0.44036697247706424
3ej1,0.4891696750902527
3art,0.1388888888888889
6j5l,0.16129032258064516
4lp0,0.16071428571428573
6o21,0.28440366972477066
4nus,0.18620689655172415
4z2l,0.14814814814814814
4agd,0.16
3ipy,0.15151515151515152
4gw1,0.4423963133640553
4uff,0.9097472924187726
5hoa,0.15254237288135594
5n9l,0.1891891891891892
3kmm,0.14516129032258066
4xgz,0.17523364485981308
3g5d,0.1891891891891892
1waw,0.14516129032258066
1tet,0.5081967213114754
3qsd,0.48616600790513836
5a2j,0.23555555555555555
5vfn,0.9834710743801653
4xhl,0.16666666666666666
4lpb,0.16071428571428573
2pzy,0.15384615384615385
4zs2,0.15841584158415842
3owl,0.1891891891891892
6cjp,0.1896551724137931
4emv,0.16071428571428573
3vid,0.17142857142857143
1mnc,0.9810126582278481
5a3w,0.14
4at3,0.14
2xu1,0.8093023255813954
5wh6,0.2331288343558282
4gee,0.27979274611398963
4bcj,0.18333333333333332
2pu0,0.15384615384615385
3s4q,0.1687116564417178
5xp7,0.22093023255813954
3b8q,0.1368421052631579
3g4l,0.16666666666666666
1sm3,0.2882882882882883
5qbv,0.1388888888888889
3v9b,0.15517241379310345
6s90,0.366412213740458
6bh3,0.2
4zsl,0.16216216216216217
2axi,0.5517241379310345
3hq5,0.2727272727272727
2wfj,0.38953488372093026
3ifo,0.16666666666666666
3eyh,0.23272727272727273
6nvl,0.16666666666666666
5csz,0.2388758782201405
2hvc,0.512
3ipb,1.0
2eh8,0.4874141876430206
5n7b,0.2345132743362832
2qq7,0.1553784860557769
6bh5,0.15217391304347827
1uv5,0.14814814814814814
6nss,0.2558922558922559
5aab,0.22614840989399293
3zju,0.13829787234042554
1y6a,0.16071428571428573
5d1n,0.14893617021276595
3as0,0.1388888888888889
3bea,0.18181818181818182
1n7m,0.5162790697674419
5v9p,0.15217391304347827
1oay,0.508695652173913
4ibm,0.3547297297297297
3qfv,0.16216216216216217
1mmp,0.48484848484848486
5m2v,0.18032786885245902
3gen,0.30798479087452474
2b1p,0.14814814814814814
4eki,0.14285714285714285
4f65,0.30711610486891383
4f63,1.0
3b2w,0.1652892561983471
4rwl,0.43109540636042404
4ekg,0.15151515151515152
3cth,0.14444444444444443
4c7t,0.6216216216216216
3et7,0.29118773946360155
5kcv,0.16129032258064516
1w1t,0.9959758551307847
3krl,0.21708185053380782
6hwv,0.22321428571428573
3pj1,0.20967741935483872
5m56,0.19298245614035087
3txo,0.20689655172413793
3chc,0.1935483870967742
4ebw,0.49224806201550386
3iw8,0.19161676646706588
1c12,0.4735632183908046
4xbo,0.15730337078651685
3q3k,1.0
2r2b,0.27546296296296297
4bjb,0.51
2c5x,0.9351351351351351
4ufg,0.9061371841155235
1dbb,0.5022935779816514
3cp9,0.17857142857142858
4qrc,0.47601476014760147
1i8i,0.26605504587155965
1dbk,0.5022935779816514
5ew3,0.15789473684210525
1ogu,0.5753176043557169
3o0g,0.21532846715328466
6br2,1.0
5f88,0.4558139534883721
6o8i,0.17857142857142858
4mg9,0.6848739495798319
4onf,0.48491879350348027
2w3k,0.9649122807017544
4wym,0.13432835820895522
6a03,0.13725490196078433
2znu,0.2823529411764706
6jpj,0.47601476014760147
6erv,0.16216216216216217
1w1v,0.9959758551307847
6q8k,0.17777777777777778
1h1p,1.0
2dbl,0.5022935779816514
4fnz,0.20072992700729927
5byy,0.16216216216216217
2oh4,0.1746031746031746
2h23,0.15714285714285714
3ifp,0.21100917431192662
5h09,0.3333333333333333
3wf8,0.14893617021276595
3fzt,0.3178294573643411
5cin,0.4895591647331787
3wd1,0.14814814814814814
2ylp,1.0
2nw4,1.0
4pmp,0.19285714285714287
4i6b,0.14028776978417265
6njh,0.21981424148606812
3ctj,0.17647058823529413
3f82,0.16129032258064516
5nrf,0.14516129032258066
4pms,0.16279069767441862
4uub,1.0
3iad,0.16666666666666666
3vry,0.3333333333333333
4fab,0.5756880733944955
3r6c,0.16129032258064516
5n1v,0.1891891891891892
3lcu,0.15217391304347827
5th2,0.44651162790697674
5zoo,0.18571428571428572
1ett,0.8614864864864865
3lpj,0.4332493702770781
2wk2,0.14912280701754385
4uxh,0.16393442622950818
5f1l,1.0
4deh,0.2099644128113879
2xvd,0.21481481481481482
5k05,0.16279069767441862
3iuc,0.16666666666666666
4mzo,0.24770642201834864
4rll,0.1891891891891892
6di1,1.0
4joa,0.19607843137254902
6gcl,0.15384615384615385
4j24,0.39555555555555555
4unn,0.14864864864864866
1p93,0.4315352697095436
2x39,0.23461538461538461
3ri1,0.6175438596491228
5ek9,0.42990654205607476
4qy8,0.336283185840708
5ows,0.7799043062200957
3el7,0.13793103448275862
4p6g,0.1509433962264151
1ynd,0.9877300613496932
3n51,0.20384615384615384
4uuh,0.7107843137254902
4url,0.13559322033898305
3g6h,0.1583011583011583
5k8v,0.16666666666666666
5oy3,0.16129032258064516
5jdc,0.15384615384615385
4r6w,0.15517241379310345
1xqc,0.22972972972972974
4krs,0.7107843137254902
3lbk,0.5662650602409639
5ekn,0.15498154981549817
4p7e,0.33691756272401435
4izy,0.5559006211180124
6nrj,0.15151515151515152
4qiz,0.3333333333333333
4q1f,0.15492957746478872
5csh,0.1935483870967742
3v5q,0.17490494296577946
3iw7,0.18507462686567164
6gzh,0.175
5iop,0.44755244755244755
4zcw,0.16363636363636364
5tts,0.30656934306569344
6hk7,0.1568627450980392
3f3v,0.1685823754789272
2rg6,0.16417910447761194
5gut,0.16129032258064516
3jsi,0.17378048780487804
4x21,0.5
1v0o,0.4043321299638989
5ug9,0.1925925925925926
4ach,0.14814814814814814
6cex,0.16
5e2m,0.3515625
3as3,0.1388888888888889
2foy,0.3515625
2x2m,0.16071428571428573
6dcg,0.16216216216216217
6emh,0.13861386138613863
2ylq,1.0
1lqd,1.0
6c5j,0.33256880733944955
2of4,0.14516129032258066
5k4l,0.15217391304347827
2oz7,0.9959839357429718
5v1b,0.15384615384615385
3ghe,0.3761467889908257
5j75,0.26609442060085836
5t18,0.15789473684210525
3vnt,0.16129032258064516
2yga,0.5761904761904761
3hng,0.19
6hou,0.9969418960244648
4nb6,0.995475113122172
5m44,0.9969418960244648
5tob,0.16326530612244897
4qqc,0.15217391304347827
3oxz,0.19444444444444445
4res,0.1794871794871795
2zm1,0.14516129032258066
3lcv,0.15217391304347827
2uzb,0.9369369369369369
3che,0.1935483870967742
4eon,0.5593525179856115
4xh2,0.24129930394431554
6hop,0.9969418960244648
3qs8,0.16129032258064516
4bci,0.16129032258064516
3i7b,0.18360655737704917
3da6,0.40853658536585363
5fqt,0.5579399141630901
2uzl,0.9333333333333333
5kup,0.17735849056603772
4bb4,0.22093023255813954
5esq,0.44755244755244755
1a5g,0.41263940520446096
4ngh,0.4144144144144144
3i5n,0.15730337078651685
3my5,0.48035714285714287
3nw9,0.16279069767441862
2o1v,0.16129032258064516
3q2m,0.13978494623655913
6afk,0.13333333333333333
1w8m,0.20606060606060606
4u79,0.42433234421364985
2osc,0.18487394957983194
5h0e,0.3333333333333333
4mgc,0.3771186440677966
2qlq,0.15789473684210525
4cnh,0.20512820512820512
3iej,0.14705882352941177
5vfj,0.9834710743801653
5toz,0.21428571428571427
4yne,0.16
3qi4,0.13333333333333333
5iv2,0.4558139534883721
5a69,0.13953488372093023
4eh8,0.19345238095238096
5hpm,0.4558139534883721
6h50,0.14
3hv7,0.15454545454545454
1nhx,0.1320754716981132
2qyk,0.15873015873015872
1mik,0.20606060606060606
4cmt,0.19424460431654678
5k09,0.21739130434782608
4xue,0.19298245614035087
5to8,0.16129032258064516
3fxw,0.15789473684210525
6ffg,0.8482142857142857
1sj0,0.14492753623188406
2qc6,0.14838709677419354
5t97,0.13793103448275862
3kn0,0.22921914357682618
2wp1,0.1568627450980392
4yhf,0.291044776119403
4jq8,0.16666666666666666
4z6i,1.0
2wih,0.5678571428571428
6hhj,0.175
6aol,0.4792626728110599
2c5n,0.9351351351351351
6q6m,1.0
5i8b,0.1527777777777778
3qxm,0.416
6ow7,0.16666666666666666
5euk,0.44341801385681295
4h39,0.4852941176470588
5nq5,0.1518324607329843
2oo8,0.16666666666666666
3c4f,0.25862068965517243
6slg,0.1902654867256637
3wd2,0.14814814814814814
4btu,0.14
3be2,0.17307692307692307
2rfn,0.1935483870967742
3ocg,0.5148809523809523
2qu5,0.1746031746031746
3u51,0.16216216216216217
1fl6,0.8123569794050344
2pix,1.0
1y2b,0.2331288343558282
5mzg,0.16363636363636364
5jcj,0.15384615384615385
3byu,0.22265625
3pp0,0.16393442622950818
2aow,0.1625
4mgb,0.5042016806722689
3f3w,0.1724137931034483
5l6p,0.21532846715328466
4uyg,1.0
5hmk,0.5542168674698795
3wf6,0.17625899280575538
4k6z,0.40860215053763443
6ox0,0.1595744680851064
4uil,0.2523148148148148
4zyc,0.16666666666666666
2r9m,0.23963133640552994
2igv,0.6976744186046512
4lwt,0.5348837209302325
5k0b,0.16279069767441862
4pxm,0.3815789473684211
5jic,0.19444444444444445
4as9,0.5885167464114832
3k9x,0.14814814814814814
5f20,0.18181818181818182
1ozv,0.15714285714285714
1hkk,0.14516129032258066
2v22,0.9351351351351351
3s3q,0.15217391304347827
1s9t,0.41434262948207173
5teh,0.1774193548387097
4mx9,0.16666666666666666
1zkl,0.167192429022082
2r1x,0.41379310344827586
2bj4,0.33181818181818185
6bgw,0.2
2xu4,0.8202764976958525
6a05,0.14814814814814814
6df4,1.0
1f4y,0.5871559633027523
4cmu,0.18305084745762712
6cf7,0.1282051282051282
3moe,0.16091954022988506
1dbj,0.5022935779816514
3rcd,0.16666666666666666
2i4t,0.9217391304347826
2aou,0.1625
3uvq,0.23123123123123124
5dxb,0.2987012987012987
3hp5,0.18484848484848485
5dtr,0.15151515151515152
6nrg,0.15151515151515152
1gwq,0.8683127572016461
5t1m,0.45496535796766746
5w6i,0.13333333333333333
5byz,0.14705882352941177
6mqm,0.26136363636363635
4ehe,0.16
6kzc,0.20072992700729927
5ivz,0.4558139534883721
4fod,0.15
4lwu,0.17647058823529413
1vyw,1.0
3bx5,0.22485207100591717
5nr8,0.14516129032258066
5vo6,0.18081180811808117
5m4c,0.9969418960244648
5d11,0.18
4gw5,0.4568764568764569
6dqb,0.2
5zia,0.410958904109589
4zly,1.0
4gk4,0.20306513409961685
5uz0,0.15517241379310345
2vwu,0.14893617021276595
4q9s,0.6031746031746031
4mga,0.5084033613445378
5o0j,0.17777777777777778
3fc8,1.0
6hrt,0.6692015209125475
4fgz,0.15517241379310345
4eol,0.9023508137432188
3u6j,0.17307692307692307
2ceo,0.16129032258064516
3eov,0.14035087719298245
5eko,0.1511627906976744
4o4y,0.40540540540540543
3mpm,0.17898832684824903
4i6h,0.14028776978417265
2or9,0.47641509433962265
5lwn,0.2581818181818182
5iui,0.13829787234042554
1o6i,0.9959758551307847
4g16,0.16279069767441862
1kcs,0.4444444444444444
4ymj,0.16666666666666666
1ukh,0.16129032258064516
4mzs,0.24770642201834864
1c5f,0.15789473684210525
4hs8,0.4151376146788991
3bbt,0.35036496350364965
5l3j,0.18518518518518517
4rfy,0.6692015209125475
4ejn,0.19230769230769232
5in9,0.4470046082949309
2itp,0.16417910447761194
5dtm,0.15151515151515152
3qti,0.1402439024390244
4qyo,0.336283185840708
4x6s,0.19811320754716982
2wzy,0.4053030303030303
4eox,0.16666666666666666
6chh,0.13924050632911392
4twc,0.15384615384615385
3chd,0.1935483870967742
5wjj,0.21597633136094674
5gnk,0.21851851851851853
4e20,0.24731182795698925
4gh6,0.13333333333333333
6pyc,0.19642857142857142
2vrx,0.49230769230769234
5uhi,1.0
5uci,0.19607843137254902
3eoc,0.4972875226039783
2g2r,0.6287015945330297
4uu8,1.0
3bv3,0.22781065088757396
5zzw,0.15217391304347827
6axp,0.44341801385681295
5eeq,0.20388349514563106
2xx4,0.3380952380952381
3zrm,0.1568627450980392
5dry,0.15151515151515152
2xzq,0.2903981264637002
1ms6,0.23963133640552994
3vo3,0.16129032258064516
3gcq,0.16913946587537093
2xh5,0.23461538461538461
4e93,0.17857142857142858
3sw2,0.13725490196078433
5ttv,0.16296296296296298
5lgq,0.16666666666666666
1no9,0.6551724137931034
5u4x,0.17647058823529413
2vwv,0.18446601941747573
1kc5,0.4861111111111111
3f3u,0.1685823754789272
2wd1,0.2041522491349481
1npz,0.2350230414746544
5oui,0.9658536585365853
4bcg,0.17647058823529413
5zbz,0.14705882352941177
2yiw,0.18556701030927836
6f86,0.18518518518518517
4aw5,0.1724137931034483
6s9x,0.19
5w4w,0.15151515151515152
3iwy,0.5609756097560976
4y8d,0.1643835616438356
1hti,0.16666666666666666
3owk,0.1891891891891892
3kvx,0.3669724770642202
2bpm,1.0
4u0a,0.13592233009708737
1a52,0.959349593495935
6sde,0.18250950570342206
5oug,0.9658536585365853
3as2,0.1388888888888889
2zns,0.2823529411764706
3eta,0.1935483870967742
3h8c,0.1542056074766355
3c7n,0.16071428571428573
6a3n,1.0
4li8,0.4623115577889447
3m57,0.15
2op3,0.23963133640552994
1ol2,0.9351351351351351
4gk2,0.17647058823529413
4gk3,0.19157088122605365
3nwe,0.16279069767441862
3h3c,0.5852713178294574
1z3c,0.18333333333333332
3pjc,0.21804511278195488
4xcu,0.1701388888888889
6mo8,1.0
5ug8,0.1925925925925926
6df7,1.0
4m84,0.21568627450980393
2hh5,0.23963133640552994
2i40,0.4931506849315068
3l8v,0.42662116040955633
3b8r,0.1906474820143885
3fvg,0.28125
5cu2,0.1891891891891892
5xvq,0.15328467153284672
4bti,0.14
6nvh,0.16666666666666666
5cpr,0.14705882352941177
3s3r,0.15217391304347827
4u0c,0.14035087719298245
2uzd,0.9369369369369369
3ijy,0.3466981132075472
6iup,0.2730627306273063
6goo,0.5789473684210527
5alc,0.20374707259953162
4jrv,0.27697841726618705
4mxc,0.14444444444444443
5f95,0.1568627450980392
4i6f,0.14028776978417265
4wvl,0.14285714285714285
1w2h,0.14864864864864866
5fqp,0.14492753623188406
3tdj,0.9922480620155039
3uqg,0.16730038022813687
3kxz,0.24621212121212122
5iw0,0.15217391304347827
4f64,1.0
4x7q,0.14545454545454545
4q9z,0.17314487632508835
6a8n,0.21224489795918366
2jbp,0.17647058823529413
5bmm,0.16666666666666666
4kb8,0.15151515151515152
4li7,0.4577114427860697
4ehg,0.16
1em6,0.16216216216216217
4i4e,0.42913385826771655
2xn7,0.15873015873015872
6azk,0.44212962962962965
4eyj,0.1511627906976744
6kdi,0.19399538106235567
2yjb,0.9954545454545455
5w5u,0.13333333333333333
5u4f,1.0
4n4t,0.18461538461538463
6te6,0.15151515151515152
2gmv,0.1320754716981132
3uyt,0.16129032258064516
6ny4,0.21052631578947367
4rio,0.21428571428571427
6arj,0.16666666666666666
5fbo,0.2235294117647059
2xu3,0.9954545454545455
1xoq,0.2331288343558282
5m63,0.19954128440366972
4nks,0.33962264150943394
5ceh,0.15217391304347827
5t78,0.5093896713615024
4msg,0.6889952153110048
5tzf,0.18421052631578946
1rv1,0.17647058823529413
5mja,0.1891891891891892
6fer,0.1881918819188192
4g2w,0.13414634146341464
4kwp,0.1891891891891892
1v0p,0.2490974729241877
4k4f,0.18660287081339713
4wcf,0.15384615384615385
4e26,0.16
5ly1,0.14606741573033707
2ofu,0.16161616161616163
5itf,0.44547563805104406
6ncp,0.16666666666666666
4y8c,1.0
1xon,0.2360248447204969
2yjc,0.817351598173516
4qt1,0.26296296296296295
3cjf,0.16666666666666666
2jkm,0.9883720930232558
2w2i,0.16666666666666666
5zop,0.18571428571428572
5ml5,0.17791411042944785
4zs3,0.15841584158415842
4eop,0.9226618705035972
4kab,0.8549019607843137
4rfz,0.6692015209125475
5zu0,0.15217391304347827
2p2h,0.1917808219178082
5nev,0.5634057971014492
5dxg,0.4649122807017544
2bdf,0.18992248062015504
6fyk,0.17333333333333334
3ecn,0.15555555555555556
4glr,0.18993135011441648
4fob,0.2
2rox,0.29933481152993346
4zom,1.0
4kbk,0.14035087719298245
6mny,0.373015873015873
6kzd,0.17857142857142858
5gmm,0.35019455252918286
5wr7,0.14814814814814814
4qjp,0.3333333333333333
2b1v,0.3697478991596639
5tbj,0.16666666666666666
4dli,0.15868263473053892
6hwu,0.23123123123123124
5a46,0.27586206896551724
6qcj,0.15151515151515152
3jsw,0.17378048780487804
4uda,0.24481327800829875
6q7h,0.9952153110047847
5eth,0.18181818181818182
5unp,0.17333333333333334
4unr,0.14864864864864866
4own,0.15384615384615385
5ho6,0.14432989690721648
5o0e,0.16216216216216217
4cfe,0.2310126582278481
2o5k,0.14814814814814814
3ert,0.9878048780487805
5v8q,0.9959839357429718
5jt2,0.19444444444444445
3svj,0.16666666666666666
3g9l,0.2222222222222222
2jkq,0.6007751937984496
5dtq,0.15151515151515152
1jqe,0.16326530612244897
4g2f,0.19923371647509577
5drt,0.15151515151515152
2wev,0.9351351351351351
1a0q,0.1568627450980392
1tyr,0.1956521739130435
4bcf,0.18333333333333332
3hwn,0.8169014084507042
2hwo,0.17543859649122806
5dt2,0.15151515151515152
5b0x,0.1891891891891892
1nmk,0.20606060606060606
2qd9,0.15757575757575756
2vxa,0.208955223880597
5u4e,1.0
3cd8,0.17266187050359713
5ak2,0.3348519362186788
5mw3,0.15151515151515152
4eh9,0.16467065868263472
6ohd,0.14285714285714285
3sl8,0.16129032258064516
1u9q,0.25116279069767444
4ksp,0.16
3l8s,0.17314487632508835
6p1l,0.20155038759689922
3m5a,0.203125
5jiq,0.9741935483870968
5hlw,0.1417624521072797
4brx,0.624031007751938
3u0t,0.48243559718969553
1bux,0.14705882352941177
5cil,0.22632794457274827
1etz,0.5688073394495413
3oct,0.1702127659574468
6hmr,0.15384615384615385
2xd6,0.580952380952381
5ivn,0.5284552845528455
5o5m,0.14754098360655737
2y06,0.2903981264637002
6b5t,0.20470588235294118
3g6m,0.14743589743589744
3bc3,0.1542056074766355
3zjt,0.13829787234042554
6pi7,0.1504424778761062
3db6,0.17770034843205576
1mj7,0.470873786407767
4foc,0.21283783783783783
6npu,0.19850187265917604
1hkj,0.14516129032258066
2xba,0.14864864864864866
2c0o,0.3333333333333333
3el8,0.16730038022813687
4uxl,0.14150943396226415
2vqj,0.15789473684210525
5ggz,0.9952153110047847
4pmt,0.19413919413919414
3we4,0.14893617021276595
1h1d,0.16279069767441862
6f94,0.18518518518518517
3lxl,0.2690909090909091
4z9l,0.5105105105105106
2og8,0.24390243902439024
3gcv,0.1893491124260355
3zki,0.410958904109589
3r6t,0.16279069767441862
4hyf,0.1574074074074074
3hv3,0.1701492537313433
6joe,0.14864864864864866
1xp1,0.14492753623188406
4at5,0.1568627450980392
4j8t,0.171875
1xpc,0.14492753623188406
4eev,0.15217391304347827
4ce2,0.580952380952381
2h9t,0.14285714285714285
1him,0.2517321016166282
1qaq,0.16216216216216217
1cwb,0.20606060606060606
2aie,0.18333333333333332
3sl5,0.16666666666666666
3tn8,0.175
1mkd,0.2347560975609756
4io8,0.17647058823529413
3of8,0.15517241379310345
5t68,0.15725806451612903
2ama,0.7416666666666667
2of2,0.14516129032258066
5d10,0.21428571428571427
6i5i,0.17857142857142858
2y1w,0.16666666666666666
3g3n,0.16981132075471697
6arv,0.16666666666666666
6a1c,0.1891891891891892
5e2v,0.48
2fx9,0.4144144144144144
3ovx,0.23963133640552994
5mmp,0.13953488372093023
6njj,0.21981424148606812
4klb,0.25116279069767444
4z2j,0.14814814814814814
4hvd,0.518796992481203
4wr7,0.3178294573643411
1s17,0.2469879518072289
4rg0,0.6692015209125475
3o6l,0.4724770642201835
5ful,0.17307692307692307
3lxs,0.25116279069767444
5j74,0.2510822510822511
2bmc,0.6038461538461538
4zjw,0.16129032258064516
4ebv,0.2720306513409962
5myx,0.6109839816933639
3zc6,0.23297491039426524
5lmk,0.5629496402877698
5ugc,0.1925925925925926
4af3,0.47843137254901963
4deg,0.1958041958041958
4mf1,0.205761316872428
2fah,0.18421052631578946
2zvj,0.16279069767441862
3bu6,0.2727272727272727
2vwz,0.2037037037037037
5vzy,0.26823529411764707
1xot,0.2
3k3h,0.1388888888888889
4cff,0.22468354430379747
5e2w,0.48
5vnd,0.16666666666666666
4pvv,0.1702127659574468
3k3j,0.1519756838905775
5icz,0.4558139534883721
4lwv,0.17647058823529413
1s4d,0.18840579710144928
4eok,0.5623869801084991
6pic,0.17857142857142858
4ere,0.3176470588235294
6gjy,0.20606060606060606
2i0y,0.15217391304347827
5wtt,0.29466357308584684
1ca8,0.572992700729927
3ips,0.757847533632287
4owo,0.14864864864864866
2fl5,0.17117117117117117
2wxv,0.992818671454219
5z4h,0.21505376344086022
2ok1,0.14814814814814814
2hk5,0.15151515151515152
3vzv,0.17647058823529413
5u94,0.16842105263157894
6aom,0.9485981308411215
4ce3,0.580952380952381
5ar0,0.8443271767810027
6hkm,0.24398625429553264
4xhe,0.16129032258064516
2vwx,0.2037037037037037
1bb0,0.572992700729927
5wyq,0.14864864864864866
2mpa,0.6328828828828829
4el9,0.1774193548387097
2ybt,0.20833333333333334
5d6q,0.15730337078651685
6cyc,0.14942528735632185
4yps,0.1619047619047619
4anm,0.1724137931034483
5f02,0.817351598173516
3ccn,0.16129032258064516
2rg5,0.15915915915915915
3daj,0.6244897959183674
2r9s,0.35384615384615387
3iw4,0.14864864864864866
4au7,0.1875
6bh1,0.2
1els,0.14285714285714285
5h3q,0.15789473684210525
2it4,0.3515625
6h51,0.14
3erd,0.6932773109243697
5wyr,0.14864864864864866
3bcn,0.21634615384615385
3ttj,0.16129032258064516
5mae,0.8202764976958525
4mg6,0.5126050420168067
4ce1,0.580952380952381
3ob0,0.8287037037037037
5z4o,0.25
4u0b,0.13432835820895522
6frj,0.2345132743362832
3pix,0.291044776119403
2llo,1.0
1h28,1.0
4hz5,0.3036649214659686
5hg9,0.1925925925925926
6gih,0.3950617283950617
4knb,0.18292682926829268
4r6v,0.15217391304347827
6jmf,0.14925373134328357
3g6g,0.25
1a61,0.41263940520446096
3i7c,0.16666666666666666
3oui,0.15492957746478872
4hra,0.15
4qq5,0.21532846715328466
4txe,0.14634146341463414
1zyj,0.1691842900302115
3fpm,0.15517241379310345
4uyh,1.0
5xkm,0.15479876160990713
1g50,0.2145748987854251
2a3c,0.1935483870967742
4jr3,0.16666666666666666
2z92,0.2685851318944844
4g2l,0.17378048780487804
5t8j,1.0
5mqy,0.8148148148148148
3wf5,0.17625899280575538
5jrq,0.16666666666666666
4li5,0.171875
4uw1,0.6889952153110048
5e2n,0.3333333333333333
5w88,0.9775280898876404
1s50,0.14
2zo3,0.41263940520446096
6qdx,0.16129032258064516
3pma,0.18032786885245902
4hxz,0.15
4htx,0.15479876160990713
6ft8,0.17857142857142858
6g33,0.17857142857142858
3a4p,0.44483985765124556
2etm,0.4496124031007752
5l4f,1.0
6moa,0.981651376146789
5nra,0.14516129032258066
2y36,0.2903981264637002
3chf,0.1935483870967742
3g0f,0.18
5mtx,0.20241691842900303
5m4i,0.9969418960244648
4pyq,0.16279069767441862
4hys,0.5545171339563862
5hgc,0.1935483870967742
3ncg,0.1974921630094044
3ipx,0.15151515151515152
2yis,0.18556701030927836
1me4,0.25116279069767444
5hor,0.17222222222222222
4bsq,0.17647058823529413
4hw7,0.15384615384615385
4k8a,0.32745098039215687
6axk,0.2824601366742597
5h8b,0.1891891891891892
1y2c,0.2331288343558282
1h8s,0.3409090909090909
3f3t,0.1685823754789272
4mbj,0.19172932330827067
3new,0.23053892215568864
4dce,0.1836734693877551
4jfx,0.4539170506912442
4r3c,0.48955223880597015
1qnh,0.20833333333333334
2f8i,0.9336283185840708
2aov,0.1625
4j9a,0.16666666666666666
4hgt,0.15384615384615385
3l3x,0.512
6h0u,0.1568627450980392
3sl4,0.16666666666666666
2rk7,0.1527777777777778
4u4x,0.16216216216216217
4rcg,0.16417910447761194
6cyd,0.14942528735632185
4kbc,0.1794871794871795
3s68,0.16279069767441862
5qc4,0.1388888888888889
3bwk,0.14285714285714285
3ewh,0.17307692307692307
4uua,1.0
2yj9,0.8055555555555556
6erw,0.16216216216216217
6ep9,0.6692015209125475
4y2b,0.16981132075471697
5xyz,0.16091954022988506
5nr7,0.14864864864864866
6eru,0.1717171717171717
3qel,0.16666666666666666
4otf,0.16393442622950818
6bh2,0.2
3cn0,1.0
3i06,0.25116279069767444
5a1f,0.15079365079365079
2xuc,0.13333333333333333
5xfj,0.16666666666666666
4z2g,0.14814814814814814
3g58,0.1568627450980392
4ona,0.16666666666666666
4hxw,0.3403141361256545
4dgg,0.1774193548387097
5d6p,0.16
4hgl,0.16279069767441862
5aa8,0.15517241379310345
3zep,0.15579710144927536
3b0w,1.0
2xzc,0.22041763341067286
4h1m,0.30859375
5mev,1.0
6bke,1.0
5d9k,0.2
5hg7,0.16785714285714284
6au5,0.44341801385681295
2zpk,0.5779816513761468
3uh4,0.4258373205741627
1mpa,0.6314606741573033
4tw9,0.15384615384615385
3as1,0.1388888888888889
3o6m,0.4804597701149425
4cbt,0.15789473684210525
3arz,0.1388888888888889
2zif,0.14035087719298245
1zky,0.24390243902439024
6pht,0.16071428571428573
5uy8,0.15517241379310345
3hvc,0.14678899082568808
3pj3,0.14754098360655737
2yj8,0.817351598173516
6aaj,0.3345323741007194
5o7i,0.16727272727272727
4utv,0.9377431906614786
1h24,0.5623869801084991
5zz4,0.367816091954023
4rx5,0.17735849056603772
5n9n,0.1891891891891892
3uzp,0.15151515151515152
2iog,0.22633744855967078
2pks,0.3754646840148699
5kpm,0.1568627450980392
5tkb,0.16129032258064516
5fun,0.14
5mqv,0.16666666666666666
3d14,0.1946564885496183
5k1i,0.2336448598130841
2znt,0.2823529411764706
5ivj,0.15217391304347827
2pvn,0.1896551724137931
3g4k,0.15517241379310345
2uzv,0.19230769230769232
2ylo,1.0
3arr,0.1388888888888889
2qhd,0.6528925619834711
6f6d,0.16129032258064516
2a3b,0.1935483870967742
4m7y,0.13432835820895522
4uns,0.14864864864864866
4pyn,0.21739130434782608
2zyb,0.14516129032258066
3g45,0.14516129032258066
2bxt,0.5523465703971119
3g4i,0.15517241379310345
6cyi,0.21568627450980393
5k0j,0.21739130434782608
1w1y,0.9959758551307847
2rl5,0.16129032258064516
1uom,0.14492753623188406
2fum,0.16842105263157894
5ih6,0.15384615384615385
5f94,0.1568627450980392
5lgr,0.16666666666666666
6itj,0.25862068965517243
3fzr,0.29118773946360155
3iut,0.24651162790697675
5wo4,0.7040816326530612
6cjj,0.5885167464114832
6f3i,0.1935483870967742
6j6m,0.21348314606741572
5elz,0.19444444444444445
3cpc,0.15492957746478872
5m4f,0.1891891891891892
6qxu,0.6889952153110048
1ind,0.2972972972972973
4igr,0.33992094861660077
3p7a,0.15963855421686746
1y2e,0.2331288343558282
3qi3,0.13333333333333333
4hs6,0.3867924528301887
2j6m,0.16071428571428573
4lgh,0.16216216216216217
3l8x,0.17177914110429449
4lv4,0.16666666666666666
4kba,0.15151515151515152
6b5o,0.22624434389140272
5hg5,0.2152317880794702
3n4c,0.23963133640552994
5ivf,0.15217391304347827
6edl,0.14893617021276595
3u2k,0.16363636363636364
3h52,0.7090163934426229
4hfz,0.5903614457831325
2vgp,0.25384615384615383
5nf6,0.33858267716535434
2gv2,0.18181818181818182
4k1e,0.20179372197309417
5fqr,0.5745614035087719
5wh5,0.2331288343558282
4ydn,0.9566160520607375
6nrf,0.15151515151515152
5tco,0.1712538226299694
3lcd,0.1875
4ask,0.14583333333333334
6hbn,0.9969418960244648
4bch,0.17647058823529413
5cav,0.16071428571428573
2yj2,0.817351598173516
6bkh,0.16393442622950818
5iug,0.16129032258064516
3sx9,0.18808777429467086
4awo,0.16666666666666666
1t7r,0.512
5icx,0.44341801385681295
3pax,0.16981132075471697
