LPPDB Similarity,PDBBind Similarity
0.28125,1
0.164179104,0.169491525
0.163043478,0.1625
0.193548387,0.156626506
0.153846154,0.98989899
0.189189189,0.161290323
0.204819277,0.161290323
0.152777778,1
0.302222222,1
0.996389892,0.171428571
1,0.98989899
0.162162162,0.147727273
0.516320475,1
1,1
0.31292517,1
0.206060606,0.150943396
0.460251046,0.15
0.146572104,1
1,0.152542373
0.446854664,0.16
0.446511628,0.141025641
0.169491525,0.458791209
0.157894737,0.192982456
1,1
0.148387097,0.171428571
1,1
0.148148148,0.171428571
0.147540984,0.985
0.14,0.150442478
0.555075594,0.45035461
0.206060606,0.175438596
0.987730061,0.164383562
0.142857143,1
0.28125,0.986754967
0.505518764,0.155555556
0.504201681,0.193548387
0.173913043,0.178197065
0.435185185,0.534722222
0.148148148,0.295212766
0.247706422,0.333333333
0.176258993,1
1,0.155172414
0.162162162,1
1,0.996978852
1,1
0.548806941,1
0.193548387,0.145454545
0.18,0.159574468
0.210332103,0.2
0.21888412,1
0.239631336,1
0.73553719,0.137254902
0.148387097,0.152173913
0.159292035,0.905882353
0.142857143,1
0.596330275,0.998029557
0.912863071,0.161290323
0.525896414,0.98989899
0.193548387,0.939393939
1,1
0.558441558,0.316069057
0.578947368,0.636690647
0.152173913,0.147058824
0.528735632,1
0.317829457,0.152
0.188811189,0.97979798
0.272084806,0.316069057
0.164179104,1
0.189655172,0.162162162
0.151515152,1
0.134328358,1
1,0.171428571
0.169811321,0.988764045
0.16,0.25
0.913357401,1
0.162162162,0.996124031
0.189655172,0.169491525
0.161290323,0.156862745
0.174418605,0.17000364
0.28125,0.996932515
1,0.140350877
1,0.968503937
0.171875,0.421875
0.135802469,0.97979798
0.168582375,1
0.588235294,0.440340909
1,1
0.211538462,0.189189189
0.588516746,0.173469388
0.193548387,1
0.192307692,1
0.195918367,0.992957746
0.550200803,1
0.25,0.993630573
0.189655172,0.533632287
0.446735395,0.162162162
0.571428571,1
0.161290323,0.222222222
0.155555556,1
0.996389892,1
0.162790698,0.145454545
0.155555556,0.99122807
0.317829457,1
0.524193548,1
0.605504587,0.142857143
0.197132616,0.401408451
0.566308244,1
0.142857143,0.166666667
0.151515152,0.192982456
0.580275229,0.310533516
0.726457399,0.152542373
0.239631336,0.183333333
0.990825688,0.142857143
0.138888889,0.162790698
0.996941896,1
0.226618705,0.193548387
0.990825688,0.141732283
0.203539823,1
0.512,0.961139896
0.177304965,0.887596899
0.193548387,0.161290323
0.177419355,0.15
0.412844037,0.991869919
0.28125,0.175438596
0.222707424,1
0.534883721,0.185527329
0.317829457,0.995283019
0.196078431,0.222222222
0.515748031,0.152941176
0.177419355,0.98989899
0.142857143,1
0.178571429,0.14516129
0.1875,1
1,0.195652174
0.965853659,1
0.317647059,1
0.162162162,0.324786325
0.169491525,0.998559078
0.162162162,0.484210526
0.405405405,0.993333333
0.193548387,0.470099668
0.580952381,0.153846154
0.218045113,1
0.760504202,1
0.161290323,0.222222222
1,0.169811321
0.148648649,0.998029557
0.142857143,0.199527745
0.148148148,0.996835443
0.588235294,0.139344262
0.186440678,1
0.162790698,0.357894737
0.162162162,0.303418803
0.245412844,1
0.12962963,0.135135135
0.43324937,0.19
0.162162162,1
0.148387097,0.201793722
0.160714286,0.141304348
0.214285714,0.634615385
0.176470588,1
0.201550388,1
0.166666667,1
0.56294964,1
0.350194553,0.179487179
0.160714286,0.139240506
0.285714286,1
0.136986301,0.998021761
0.587155963,0.98989899
0.25617284,0.753333333
0.157142857,0.140350877
0.206766917,0.157894737
0.186602871,0.930735931
0.148387097,0.14893617
0.161290323,0.157024793
0.405405405,0.891891892
0.149253731,0.827361564
0.398648649,0.189189189
0.229166667,1
1,0.177419355
0.161290323,0.162162162
0.3515625,0.193548387
0.173076923,1
0.996409336,0.850980392
0.166666667,1
0.173285199,1
0.152173913,1
0.169491525,0.735483871
0.141304348,0.993670886
0.136986301,1
0.148648649,0.146341463
0.153846154,1
0.164179104,1
0.177419355,0.166666667
1,0.593301435
0.333333333,0.195652174
0.190114068,0.97979798
0.178571429,0.961538462
0.152173913,1
0.534883721,1
0.596330275,1
0.181818182,0.882978723
0.298449612,0.145299145
0.158914729,1
0.707581227,0.163934426
0.29330254,1
0.153846154,1
0.192307692,0.998803828
0.189655172,0.273775216
0.155172414,0.993670886
0.161290323,1
1,0.995348837
0.161290323,0.137931034
0.24742268,1
0.400943396,0.175438596
0.276497696,0.996666667
0.152777778,0.9375
0.233333333,1
0.2,1
0.333333333,1
0.435185185,0.203007519
0.164179104,0.518518519
0.205128205,0.155172414
0.510447761,1
0.29330254,0.378947368
0.996015936,1
0.153846154,0.414342629
0.508522727,0.6421875
1,1
0.176470588,1
0.2,1
0.235494881,1
0.239726027,0.991189427
0.43324937,1
0.140350877,1
0.191570881,1
0.619047619,1
0.148387097,0.655502392
0.14,0.157894737
0.996015936,1
0.193548387,1
0.166666667,0.153846154
0.47706422,0.527777778
0.162790698,1
0.276264591,1
0.234615385,0.98989899
0.484848485,1
0.182539683,0.98989899
0.717488789,1
0.350194553,0.176470588
0.997987928,0.147058824
1,0.97979798
0.161290323,0.98989899
0.197674419,1
0.587719298,0.163934426
0.148387097,0.989247312
0.550200803,0.166666667
0.139344262,0.166666667
0.148148148,0.922641509
0.15,0.990566038
0.193548387,0.15
0.704918033,1
0.315789474,0.664122137
0.171875,1
0.398523985,0.263929619
0.162790698,1
0.149122807,1
0.152671756,0.989473684
0.981651376,1
0.514606742,0.142857143
0.441860465,0.148648649
0.156626506,1
1,0.592156863
0.18452381,0.998021761
0.155844156,0.151162791
0.166666667,1
0.723140496,1
0.138888889,1
0.161290323,0.15
0.147368421,1
0.148148148,1
0.206896552,0.2
0.5,0.208333333
0.548736462,0.994736842
0.169811321,1
0.270588235,0.900763359
0.193548387,0.159090909
0.148387097,0.961111111
0.182432432,1
0.419047619,0.993883792
0.976923077,1
0.161290323,0.241534989
0.189189189,1
1,1
0.148148148,0.952475248
0.193548387,0.146666667
0.484848485,0.157142857
0.148387097,0.135135135
0.166666667,0.151079137
1,0.180555556
0.400943396,1
0.176470588,1
0.182432432,0.140350877
0.150943396,1
0.148837209,1
0.728744939,1
0.193548387,1
0.19047619,0.224089636
0.197132616,0.216216216
0.23659306,0.208333333
0.227906977,0.142857143
0.189655172,0.152777778
0.148387097,0.332425068
0.161849711,0.995024876
0.155172414,1
0.181818182,1
0.144927536,1
0.996941896,0.171875
0.563405797,1
0.19047619,1
0.136986301,0.996124031
0.166666667,0.179425837
0.140350877,0.166666667
0.228070175,0.165048544
0.809302326,0.142857143
0.206060606,1
0.55234657,0.814516129
0.189189189,1
1,0.156626506
0.178571429,1
0.174074074,0.996835443
0.176470588,0.31372549
0.148648649,1
0.31640625,0.144444444
0.201550388,0.97979798
0.18404908,0.149606299
0.173285199,0.15
0.193548387,0.166666667
0.258181818,0.14516129
0.163120567,1
0.740740741,1
0.194444444,1
0.18,1
0.169642857,0.964480874
0.162162162,0.605633803
1,1
0.350194553,1
0.20212766,1
0.289189189,0.16
0.405405405,1
0.558441558,0.999015263
0.189189189,1
0.206060606,0.748344371
0.166666667,0.161290323
0.200680272,0.142857143
0.147540984,0.890140845
0.515011547,1
0.504531722,1
0.161290323,0.176470588
0.1875,1
0.987730061,1
0.156862745,0.652173913
0.990825688,0.547486034
0.179487179,0.171717172
0.783276451,1
1,0.161290323
0.166666667,0.166666667
0.219570406,1
0.58372093,1
1,1
0.155172414,0.97979798
0.142857143,0.99382716
0.189910979,1
0.206060606,0.99713467
0.506912442,1
0.588516746,1
0.987730061,0.161290323
0.223628692,1
0.321428571,1
0.193548387,1
1,0.169811321
0.710784314,1
0.552419355,1
0.372641509,0.146666667
0.990825688,0.98989899
0.162790698,1
0.648584906,1
0.317829457,0.22605364
0.189655172,0.997429306
0.496583144,0.161290323
0.993630573,0.396624473
0.213178295,0.166666667
0.205387205,1
0.174603175,1
0.145833333,0.96969697
0.209302326,0.184210526
1,1
0.171875,0.98989899
0.166666667,1
0.516203704,0.934460888
0.179245283,0.985
0.251162791,0.36036036
0.169491525,0.138576779
0.28125,1
0.224806202,0.129032258
0.492307692,0.145833333
0.735426009,0.538990826
1,0.877076412
0.138888889,0.96969697
0.991397849,1
0.1875,0.827361564
0.162790698,1
0.227272727,1
0.236363636,0.657563025
0.294117647,0.146067416
0.138888889,0.827586207
0.532110092,1
0.3515625,1
0.157894737,0.673267327
0.23853211,0.348623853
1,1
1,0.995689655
0.288636364,0.25093633
1,0.835
0.148648649,1
0.269141531,0.171052632
0.203846154,0.175438596
0.140243902,1
0.155172414,0.162162162
0.357142857,1
0.192307692,0.140350877
0.169491525,0.996323529
0.189655172,0.161290323
0.987730061,1
0.181818182,0.166666667
0.182156134,1
0.16091954,0.601941748
0.154929577,0.169230769
0.171875,0.98989899
0.169811321,0.327683616
0.140243902,0.138888889
0.153846154,0.967105263
0.15,1
1,0.998220641
0.46975089,0.194444444
0.161290323,0.161290323
0.152173913,1
0.519685039,0.98989899
1,0.156862745
1,1
0.135802469,1
0.178571429,0.737030411
0.906137184,1
0.350194553,1
1,0.154929577
0.996941896,0.530232558
0.972477064,0.477876106
0.182432432,0.971153846
0.206060606,0.760368664
1,1
1,0.161290323
0.164705882,1
0.189189189,0.171717172
0.176245211,0.285714286
0.717213115,0.150943396
0.394557823,0.774834437
0.207289294,0.164179104
0.279069767,0.152173913
0.2,0.474226804
0.16,1
0.1875,1
0.181818182,1
1,1
0.147058824,0.175438596
0.310077519,1
0.580952381,0.99122807
0.140243902,1
0.9,1
0.153846154,1
0.14516129,0.27014218
0.149122807,1
0.400943396,1
0.147540984,0.99382716
1,0.162790698
0.148387097,1
0.338582677,0.551328502
0.218045113,0.179487179
0.333333333,0.179104478
0.166666667,0.145454545
0.520325203,1
0.136363636,1
0.148148148,1
0.161290323,0.989304813
0.147368421,0.221276596
0.162790698,0.995967742
0.178571429,1
0.189655172,1
0.15,1
0.178571429,1
0.14,0.164705882
0.161585366,1
1,0.97979798
0.166666667,1
0.189189189,1
0.162962963,1
0.176470588,1
0.189189189,0.760368664
0.996941896,1
0.217391304,0.152777778
0.140243902,0.208333333
0.195652174,0.151162791
0.149122807,1
0.173913043,0.698564593
0.350194553,0.516666667
0.580952381,0.99382716
0.157894737,0.139240506
0.140243902,1
0.235494881,1
0.514150943,0.432432432
0.145833333,1
0.483660131,0.189189189
0.147058824,1
0.693277311,1
1,0.98989899
0.161290323,1
0.333333333,0.161290323
0.171428571,0.678657074
0.214285714,0.845070423
0.43324937,0.15
1,1
0.178571429,1
0.148148148,1
0.164179104,0.28435518
0.157480315,0.161290323
0.152777778,1
0.474056604,0.603508772
1,0.171052632
0.148514851,0.184501845
0.727272727,0.998559078
0.55234657,1
0.157142857,0.759825328
0.189189189,1
0.157894737,0.145658263
0.206008584,0.152173913
0.571428571,0.137931034
0.176470588,0.992405063
0.13559322,0.155172414
0.286052009,0.532869296
0.161290323,0.140625
0.183333333,0.574626866
0.562929062,0.307692308
0.162162162,0.148148148
1,1
0.148387097,1
0.589449541,0.142857143
0.338582677,0.14893617
0.618604651,0.192982456
0.357526882,0.996835443
0.227678571,0.759825328
0.629032258,0.939393939
0.809302326,0.205882353
0.128205128,0.828571429
0.522041763,1
0.290697674,0.552752294
0.162162162,1
0.214285714,1
0.220183486,0.203703704
0.162790698,1
0.588516746,1
1,0.876447876
0.533018868,1
0.161290323,0.162162162
0.229681979,0.978658537
0.1875,0.61971831
0.189189189,0.139534884
0.214788732,0.175438596
0.201413428,0.147058824
1,0.163636364
0.217741935,0.98989899
1,1
0.976744186,0.151260504
1,1
0.531322506,0.225806452
0.144927536,0.135135135
0.31640625,0.144067797
0.525641026,0.137931034
0.14556962,0.8
0.900398406,0.157142857
0.1375,1
0.151515152,0.216216216
0.175,1
0.436489607,0.160493827
0.18487395,0.522491349
0.235494881,0.208333333
0.23381295,0.142857143
0.140350877,0.163043478
0.153846154,0.142857143
0.203846154,1
0.177419355,1
0.14,0.205882353
0.709016393,0.189655172
1,1
0.180327869,1
1,1
0.176470588,1
0.987730061,0.137931034
0.166666667,0.408602151
0.147540984,0.97979798
0.14,0.142857143
0.238670695,0.144444444
1,0.508333333
0.990825688,1
1,0.134615385
1,1
0.834733894,0.157303371
0.189189189,1
0.206060606,1
0.16,1
0.153846154,1
0.193548387,1
0.180327869,0.973941368
0.161290323,1
0.588516746,1
0.130841121,0.878787879
0.182432432,0.161290323
0.233532934,1
0.14,1
0.390756303,0.664122137
0.173333333,1
0.161290323,1
0.141414141,0.148648649
0.189189189,0.236024845
0.181415929,0.162162162
0.176470588,0.152542373
0.142857143,1
0.154929577,0.316069057
0.189189189,1
0.140350877,0.995726496
0.56626506,0.173076923
0.160714286,1
0.172413793,1
0.178571429,1
0.160278746,0.986206897
0.142857143,0.175438596
0.166666667,1
0.138686131,0.175438596
0.293859649,1
0.15,1
0.848214286,0.188118812
0.15,0.17578125
0.190114068,1
0.381578947,1
1,0.15942029
0.580952381,1
0.802752294,0.587155963
0.203846154,0.301886792
0.133333333,0.989473684
0.145454545,1
1,0.157142857
0.189189189,0.162601626
0.188976378,0.171428571
0.233716475,0.153846154
0.144578313,0.98989899
0.234939759,0.171875
0.246511628,1
0.2,0.142857143
0.203703704,1
0.2,0.272727273
0.162790698,1
0.14516129,0.996632997
1,0.142857143
0.408602151,0.996515679
0.996941896,1
0.147058824,0.982222222
0.262135922,0.588803089
0.148148148,0.166666667
0.204081633,1
0.15,1
0.206060606,0.2
0.467741935,1
0.209677419,0.995555556
0.700483092,1
0.142857143,1
0.269709544,1
0.541516245,1
0.336283186,0.151515152
0.935135135,0.148148148
1,0.372340426
0.157142857,0.991489362
0.133333333,0.818181818
0.184615385,0.9
0.193548387,0.175438596
0.15,0.133333333
1,0.142857143
0.470046083,0.530555556
0.205387205,0.998559078
0.697674419,0.154929577
0.143911439,0.98989899
0.167247387,1
0.189189189,1
0.153846154,1
0.567857143,1
0.669201521,0.148148148
0.200729927,1
0.206060606,1
0.512,0.162162162
0.161290323,0.140495868
0.160714286,0.147058824
0.414414414,0.171875
0.138888889,0.490842491
0.193548387,1
0.177419355,0.140350877
0.185185185,0.990384615
0.177777778,0.149253731
0.189655172,1
0.198501873,1
0.161290323,0.140350877
0.189922481,1
0.510791367,0.140350877
0.155844156,0.98989899
0.178571429,0.137254902
0.44921875,1
0.215686275,0.14
1,0.160714286
0.215686275,1
0.232472325,0.368055556
0.193023256,0.98989899
0.208955224,1
0.148648649,0.151162791
0.183333333,0.152173913
1,1
0.168421053,0.129032258
0.162162162,0.155660377
0.197647059,0.142857143
0.162162162,0.998194946
0.193548387,1
0.201923077,0.15942029
0.148648649,0.246376812
0.210526316,0.997245179
0.148648649,0.140127389
1,1
0.165165165,0.997014925
0.2,0.244604317
0.166666667,0.168674699
0.222641509,1
0.328571429,0.161290323
0.173780488,0.164383562
0.219114219,0.14953271
0.2,0.142857143
0.153846154,0.769565217
0.412280702,0.210526316
0.149825784,0.150684932
0.157894737,0.180327869
0.166666667,0.98989899
0.162790698,1
0.157407407,1
1,0.939393939
0.466666667,0.208333333
0.161616162,1
0.184615385,1
0.144927536,1
0.175595238,0.162162162
1,0.134615385
0.444444444,0.245874587
0.155172414,0.155339806
0.279792746,0.180451128
0.548523207,0.178571429
0.185185185,0.993243243
0.166666667,0.997578692
1,1
0.140350877,1
0.162162162,0.981012658
0.178571429,0.15503876
0.442890443,1
0.178571429,1
0.138888889,0.163636364
0.152173913,0.757847534
0.148148148,0.161290323
0.16,1
0.381355932,1
0.168067227,0.194444444
0.397769517,0.201793722
0.185185185,0.216718266
0.189189189,1
0.233128834,1
0.164179104,0.541353383
0.336283186,1
0.14516129,0.996835443
0.709923664,0.956521739
0.233128834,0.177402323
1,1
0.166666667,0.161764706
0.138297872,0.1375
0.56626506,0.984126984
0.143867925,1
0.162790698,0.161764706
0.2,0.135135135
1,1
0.14,0.164179104
0.217391304,0.171171171
0.290398126,1
0.148148148,0.142857143
0.201520913,0.230769231
0.56238698,0.1375
0.580952381,1
0.160714286,0.357894737
0.169230769,1
0.178571429,1
0.22741433,0.134751773
0.156862745,1
0.883040936,0.159663866
0.160714286,0.98989899
1,0.213178295
0.152173913,1
0.173780488,1
0.545454545,1
0.147058824,0.332432432
0.433789954,0.98989899
0.399122807,1
0.138297872,0.178571429
0.14893617,0.286585366
1,1
0.443418014,0.498233216
0.211111111,1
0.157142857,0.203007519
0.630188679,1
0.566308244,0.264976959
0.153846154,0.603174603
0.443418014,0.866859624
0.176470588,0.352
0.558951965,0.152542373
0.23630137,0.162162162
0.162162162,1
0.173913043,0.157142857
0.189655172,1
0.508274232,0.606666667
0.166666667,1
0.152173913,1
0.134328358,0.157894737
1,1
0.689252336,1
1,0.170212766
0.162162162,0.994011976
0.190311419,1
0.162790698,0.270886076
0.178571429,0.314893617
0.152173913,0.152542373
0.167832168,1
0.14,1
0.183050847,1
0.647727273,0.16
0.221183801,0.142857143
0.3828125,0.168831169
0.166666667,0.997946612
0.372641509,1
0.935135135,0.987730061
0.981651376,1
0.153846154,0.820689655
1,0.973941368
0.349425287,1
0.516923077,0.176470588
0.567857143,0.401913876
0.741935484,1
1,0.878787879
0.172535211,0.175438596
0.148148148,0.154929577
0.166666667,0.156626506
0.147540984,0.926153846
0.196428571,1
0.266871166,0.161290323
0.701298701,0.166666667
0.15498155,0.183333333
0.587155963,0.993710692
0.189189189,0.153846154
0.909747292,0.772058824
0.935135135,1
0.148148148,0.601648352
0.427251732,1
0.148387097,1
0.164670659,1
0.157894737,1
0.348623853,1
0.205426357,1
0.229681979,0.99122807
0.14516129,0.955673759
0.176470588,0.628742515
1,0.154929577
0.570175439,1
0.531055901,0.181818182
0.40569395,0.372340426
0.363636364,1
0.179487179,0.175438596
0.276849642,1
0.40569395,0.98989899
1,1
0.557939914,1
0.160714286,1
0.166666667,0.155172414
0.138888889,1
0.177419355,0.932885906
0.56626506,0.345844504
0.40647482,0.986486486
0.161290323,0.145631068
0.142857143,0.25
0.148148148,0.838383838
0.189189189,0.148648649
1,0.225806452
0.449392713,0.171428571
0.153846154,0.837708831
0.155555556,0.97979798
0.166666667,1
0.16875,0.522727273
0.149425287,0.98989899
0.590277778,0.816384181
0.228070175,0.922382671
0.455813953,0.184210526
0.419607843,1
0.166666667,0.161290323
0.155172414,0.993485342
0.144736842,1
0.166666667,1
0.414342629,0.333333333
0.155555556,1
0.998084291,1
0.56626506,0.145631068
0.246200608,0.3046875
0.159638554,1
0.398584906,0.193548387
0.38697318,1
0.225806452,1
0.171875,0.142857143
0.231231231,0.137254902
0.333333333,1
0.182089552,1
0.184615385,0.152542373
0.188449848,0.195652174
0.134328358,0.830985915
0.305454545,0.975806452
0.330291971,0.146788991
0.42662116,0.181818182
0.14893617,0.556701031
0.164634146,0.148514851
0.142857143,0.16091954
0.147058824,0.175438596
1,0.163043478
0.148648649,1
0.97752809,0.98989899
0.164750958,1
0.166666667,1
0.935135135,0.161290323
0.492805755,1
0.133333333,0.172413793
0.159638554,0.176470588
0.311004785,0.979472141
0.142857143,0.995975855
0.1625,1
0.564285714,0.146341463
0.15,0.149253731
0.177777778,1
0.177358491,1
0.377118644,0.98989899
0.14516129,1
0.301470588,0.171428571
0.14028777,0.150537634
0.153846154,1
0.153846154,1
0.225806452,0.98989899
0.153333333,0.138888889
0.155172414,0.996197719
0.132075472,0.935897436
1,1
0.360714286,1
0.259259259,1
0.175,0.151515152
0.543147208,0.162790698
0.193548387,0.171428571
0.159638554,1
0.19047619,0.162327718
0.201465201,0.146153846
0.157894737,1
0.189189189,0.25
0.3515625,1
0.189189189,0.153846154
1,0.371102662
0.443418014,1
0.990825688,1
0.162790698,0.147368421
0.540298507,1
0.178571429,0.175438596
0.805555556,0.9
0.332568807,1
0.166666667,0.25093633
0.518796992,0.814516129
0.996941896,0.14516129
0.264705882,0.999014778
0.180327869,1
0.153153153,0.169230769
0.162162162,0.175438596
0.184615385,1
0.688995215,1
0.18490566,0.171428571
0.189189189,0.311789348
0.193548387,0.166666667
0.169064748,1
0.162162162,1
0.173913043,1
1,1
0.148148148,0.148514851
0.183333333,0.705128205
0.145454545,1
0.194570136,1
0.189873418,1
0.189189189,0.173964497
0.162162162,0.151515152
0.137931034,1
0.144927536,0.191780822
0.15,0.246548323
0.28668942,1
0.196078431,1
0.189189189,0.166666667
0.880116959,1
0.191536748,1
0.153846154,1
0.153256705,1
0.169811321,0.480286738
0.148148148,0.152173913
0.285171103,0.996197719
0.649202733,0.996138996
1,0.152173913
0.160714286,0.908571429
0.151898734,0.656682028
0.183050847,1
0.206060606,1
0.203703704,1
0.509302326,0.99382716
0.279792746,0.166666667
0.315789474,0.179104478
0.996015936,0.152173913
1,1
0.140350877,1
0.163636364,0.590361446
0.166666667,0.161290323
0.162790698,0.1625
0.162790698,0.166666667
0.157894737,0.159574468
0.144444444,1
0.178571429,1
0.452586207,0.477876106
0.1625,1
0.467741935,1
0.184143223,0.988764045
0.166666667,1
0.935135135,0.162790698
0.47706422,0.97979798
0.16,0.152173913
0.56626506,1
0.271226415,1
0.368821293,0.131868132
0.153846154,0.460526316
0.150943396,0.96969697
0.161290323,0.263636364
0.938697318,0.146067416
0.481132075,0.769565217
0.37751004,1
0.177777778,0.173076923
0.710784314,0.552752294
0.14516129,0.179487179
0.155339806,0.175438596
0.163636364,1
0.178571429,0.439086294
0.174603175,0.97979798
0.189189189,1
0.23828125,0.96969697
0.322463768,1
0.142857143,0.98989899
0.525345622,0.1375
0.935135135,0.141414141
0.15,0.166666667
0.208333333,0.127906977
0.160714286,0.192622951
1,0.173913043
0.534883721,0.185185185
0.191836735,1
0.212244898,1
0.166666667,0.989130435
0.157894737,0.161764706
0.157142857,0.450474898
0.156862745,1
0.396396396,0.16
0.338095238,1
0.330935252,0.301886792
0.160714286,1
0.166666667,1
0.223529412,0.172413793
0.163934426,0.192307692
0.215686275,0.73040153
0.580952381,0.148648649
0.146919431,0.14
0.56626506,1
0.152173913,0.16893733
0.817351598,0.281690141
0.163043478,0.99382716
0.148648649,0.98989899
0.511737089,1
0.308243728,0.157894737
0.803827751,0.142857143
0.296296296,0.181818182
0.162162162,0.96969697
0.148148148,0.166666667
0.189189189,0.99197861
0.609589041,1
0.410071942,0.181818182
0.333333333,0.153846154
0.457943925,0.705093834
0.983471074,1
0.180555556,1
0.156862745,0.154411765
0.336,1
0.68487395,1
0.196969697,0.350194553
0.178571429,0.144444444
0.193548387,0.350194553
0.208955224,0.96969697
0.338582677,0.242236025
0.169811321,1
0.153846154,0.99382716
0.147540984,0.414342629
0.155172414,1
0.936936937,0.498233216
0.14532872,0.991692627
0.467741935,0.160633484
0.147058824,0.161290323
0.16,1
0.262773723,1
0.162790698,0.144736842
0.159638554,1
0.171428571,1
0.351449275,1
0.176470588,1
0.443418014,0.163636364
0.320843091,0.199152542
0.489169675,1
0.193548387,0.176470588
0.217391304,0.364705882
0.151515152,0.153225806
0.157142857,0.541353383
0.179487179,0.552752294
0.146282974,1
0.188059701,0.297029703
0.200729927,0.142857143
0.385321101,0.844327177
0.14,1
0.251162791,0.14893617
0.446511628,1
0.176678445,0.248175182
1,0.159574468
0.166666667,1
1,0.306569343
0.133333333,0.992248062
1,0.570996979
0.151515152,0.161764706
0.590038314,0.161290323
0.134328358,1
0.192982456,0.163636364
0.580952381,1
0.14,0.98989899
0.158730159,1
0.23699422,0.993442623
0.288065844,0.298507463
0.203921569,1
0.235023041,0.146341463
0.183908046,0.166666667
0.567324955,1
0.148148148,0.161290323
0.171717172,0.98989899
0.18404908,0.908571429
0.396396396,1
0.138888889,1
0.184615385,0.171428571
0.177419355,1
0.168316832,0.141242938
0.308108108,1
0.222482436,0.96742671
0.26993865,0.958333333
0.155555556,0.258064516
0.395121951,0.155172414
0.173076923,0.98989899
0.226327945,0.145833333
0.157142857,0.887700535
0.177777778,1
0.286219081,0.219230769
0.153846154,0.169230769
0.333333333,0.791946309
0.512,0.163934426
0.141304348,0.98989899
0.133333333,1
0.153846154,1
0.148148148,0.338028169
0.175,0.996835443
0.55234657,1
0.554216867,1
0.19,1
0.177419355,1
0.491176471,1
0.917391304,0.164383562
0.503012048,0.173076923
0.323193916,1
0.148148148,0.995780591
0.14,1
0.275058275,1
0.470046083,0.302919708
0.225806452,0.919191919
0.166666667,1
0.147368421,1
0.176470588,0.333333333
0.612612613,0.210884354
0.153846154,0.171428571
0.184615385,0.526315789
0.13253012,0.848623853
0.153846154,1
0.206060606,0.828703704
0.13559322,0.154929577
0.692883895,1
0.190839695,0.61423221
0.148648649,1
0.148387097,1
0.234375,0.147540984
1,0.327777778
0.333333333,0.98989899
0.151162791,0.222222222
0.555900621,0.154929577
0.193548387,0.955922865
0.46875,0.996363636
0.462311558,1
0.160714286,0.97979798
0.186440678,1
0.163934426,1
0.183976261,1
0.157142857,1
0.848214286,0.995726496
1,0.337047354
0.338582677,1
0.159638554,1
1,1
0.181818182,0.172839506
0.207612457,0.178571429
0.275261324,1
0.155172414,1
0.228070175,1
0.166666667,0.451566952
0.338582677,1
0.166666667,0.898230088
0.177358491,0.985981308
0.175,0.534075104
0.206060606,0.98989899
0.567857143,0.205673759
0.176470588,0.98880597
0.251162791,0.97979798
0.2,0.885638298
0.18,1
0.137614679,1
0.25862069,0.96969697
0.416464891,0.9
0.172043011,1
0.161870504,0.156862745
0.193277311,0.134615385
0.196969697,0.834532374
0.166666667,0.990990991
0.15,0.199192463
0.52173913,0.14084507
0.157894737,0.297029703
0.155555556,1
0.233128834,0.161016949
0.414414414,1
0.684410646,0.186138614
0.218461538,1
0.180138568,0.176470588
0.14893617,0.175438596
0.225806452,0.134615385
0.415909091,0.994708995
0.142857143,0.347107438
0.503012048,0.191829485
0.964912281,0.156862745
0.16,0.994736842
0.18852459,1
0.140350877,0.437810945
0.169014085,0.255240444
0.861486486,0.624113475
0.19047619,0.153846154
0.185314685,1
0.189189189,0.152941176
0.140350877,1
0.175,0.360215054
0.172413793,0.189655172
0.235555556,1
0.492307692,0.142857143
0.492307692,0.239130435
0.172839506,1
0.138888889,0.228813559
0.564748201,0.162629758
0.14,0.993442623
0.150943396,1
0.557939914,0.162790698
0.13253012,0.162162162
0.141993958,0.228365385
0.414414414,0.18
0.151515152,0.162162162
0.203125,1
0.447306792,0.146788991
0.581481481,1
0.213333333,0.166666667
0.55234657,0.142857143
0.177358491,1
0.210344828,0.175438596
0.170418006,0.983739837
0.215686275,1
0.190647482,0.324483776
0.220930233,1
0.157894737,1
0.3515625,1
0.164383562,0.637168142
0.166666667,0.533980583
0.5,0.144736842
0.906137184,0.135416667
0.178217822,0.15
0.145922747,0.137254902
0.136363636,1
0.166666667,0.140350877
0.14,0.151260504
0.16,1
0.996941896,0.152173913
0.333333333,0.173913043
0.16,0.98989899
0.151515152,1
1,0.718631179
0.680672269,0.181818182
0.279279279,1
0.201388889,1
0.258064516,0.142857143
0.369747899,1
0.161290323,1
0.924324324,1
0.28057554,1
0.490842491,0.410958904
0.54770318,1
0.827664399,1
0.196850394,0.137931034
0.821345708,1
0.441860465,0.258064516
0.209302326,0.38490566
0.142857143,1
0.175,0.153846154
0.166666667,0.555090656
0.534883721,0.184466019
0.517751479,0.166666667
0.360215054,0.170731707
0.976744186,0.123966942
0.160714286,1
0.138888889,1
0.912863071,0.995726496
0.216470588,0.98989899
0.805555556,1
0.176470588,0.96969697
0.163636364,0.971264368
0.440366972,1
0.489169675,0.162162162
0.138888889,0.151162791
0.161290323,1
0.160714286,0.186046512
0.28440367,0.162162162
0.186206897,0.914772727
0.148148148,0.15
0.16,0.9
0.151515152,0.290410959
0.442396313,1
0.909747292,1
0.152542373,0.240740741
0.189189189,1
0.14516129,0.97979798
0.175233645,0.426267281
0.189189189,1
0.14516129,0.162162162
0.508196721,0.536697248
0.486166008,0.157894737
0.235555556,1
0.983471074,0.990384615
0.166666667,0.98989899
0.160714286,1
0.153846154,0.98989899
0.158415842,0.35483871
0.189189189,1
0.189655172,1
0.160714286,0.984449761
0.171428571,1
0.981012658,0.689252336
0.14,0.535008977
0.14,1
0.809302326,0.147435897
0.233128834,1
0.279792746,0.996453901
0.183333333,0.792592593
0.153846154,0.189189189
0.168711656,0.138888889
0.220930233,1
0.136842105,1
0.166666667,0.178571429
0.288288288,0.995305164
0.138888889,0.160714286
0.155172414,0.135135135
0.366412214,0.229166667
0.2,0.162790698
0.162162162,1
0.551724138,0.157303371
0.272727273,1
0.389534884,1
0.166666667,0.745098039
0.232727273,0.135135135
0.166666667,0.176470588
0.238875878,0.541284404
0.512,0.162162162
1,1
0.487414188,0.152173913
0.234513274,1
0.155378486,1
0.152173913,0.477876106
0.148148148,1
0.255892256,0.287356322
0.22614841,1
0.138297872,1
0.160714286,0.97979798
0.14893617,0.996539792
0.138888889,0.618303571
0.181818182,0.144067797
0.51627907,0.192307692
0.152173913,1
0.508695652,1
0.35472973,0.993442623
0.162162162,0.193548387
0.484848485,1
0.180327869,0.138576779
0.307984791,1
0.148148148,1
0.142857143,1
0.307116105,0.175438596
1,0.161290323
0.165289256,1
0.431095406,0.179104478
0.151515152,0.175
0.144444444,0.128571429
0.621621622,0.180555556
0.291187739,0.98989899
0.161290323,1
0.995975855,0.135135135
0.217081851,1
0.223214286,1
0.209677419,0.339705882
0.192982456,0.252124646
0.206896552,0.137931034
0.193548387,0.536764706
0.492248062,0.916030534
0.191616766,1
0.473563218,0.152173913
0.157303371,0.477722772
1,0.175438596
0.275462963,1
0.51,1
0.935135135,0.19047619
0.906137184,0.161290323
0.502293578,1
0.178571429,1
0.47601476,1
0.266055046,0.997503121
0.502293578,0.162601626
0.157894737,1
0.575317604,0.738823529
0.215328467,0.163043478
1,1
0.455813953,1
0.178571429,1
0.68487395,1
0.484918794,0.99382716
0.964912281,1
0.134328358,1
0.137254902,0.320895522
0.282352941,0.234449761
0.47601476,0.140350877
0.162162162,1
0.995975855,1
0.177777778,0.225806452
1,0.147368421
0.502293578,0.877483444
0.200729927,0.177419355
0.162162162,0.98989899
0.174603175,1
0.157142857,0.862903226
0.211009174,0.2
0.333333333,1
0.14893617,1
0.317829457,1
0.489559165,1
0.148148148,1
1,1
1,0.774305556
0.192857143,1
0.14028777,0.193548387
0.219814241,1
0.176470588,0.14159292
0.161290323,1
0.14516129,1
0.162790698,0.187836798
1,0.161290323
0.166666667,1
0.333333333,0.439949431
0.575688073,0.9975
0.161290323,0.995726496
0.189189189,0.320895522
0.152173913,1
0.446511628,0.943243243
0.185714286,0.149122807
0.861486486,0.420689655
0.43324937,1
0.149122807,0.97979798
0.163934426,1
1,0.96969697
0.209964413,1
0.214814815,0.146341463
0.162790698,1
0.166666667,1
0.247706422,1
0.189189189,0.173913043
1,1
0.196078431,0.216216216
0.153846154,1
0.395555556,1
0.148648649,1
0.43153527,0.137254902
0.234615385,0.661585366
0.61754386,0.162264151
0.429906542,1
0.336283186,0.97979798
0.779904306,0.134615385
0.137931034,0.196428571
0.150943396,1
0.987730061,1
0.203846154,0.144736842
0.710784314,0.996478873
0.13559322,1
0.158301158,0.437810945
0.166666667,0.192474674
0.161290323,0.98989899
0.153846154,0.97972973
0.155172414,0.175438596
0.22972973,0.155172414
0.710784314,0.2875
0.56626506,0.617021277
0.15498155,0.98989899
0.336917563,1
0.555900621,0.225806452
0.151515152,0.705128205
0.333333333,0.998021761
0.154929577,0.987755102
0.193548387,1
0.174904943,0.142857143
0.185074627,1
0.175,0.153846154
0.447552448,0.181818182
0.163636364,1
0.306569343,0.541353383
0.156862745,0.137931034
0.168582375,1
0.164179104,0.149253731
0.161290323,0.859574468
0.173780488,0.175438596
0.5,1
0.40433213,0.891891892
0.192592593,0.175438596
0.148148148,1
0.16,0.222222222
0.3515625,0.175438596
0.138888889,1
0.3515625,1
0.160714286,0.993902439
0.162162162,0.98245614
0.138613861,1
1,1
1,0.563535912
0.332568807,0.161764706
0.14516129,1
0.152173913,1
0.995983936,1
0.153846154,1
0.376146789,0.142857143
0.266094421,1
0.157894737,1
0.161290323,0.161764706
0.576190476,0.998293515
0.19,0.297029703
0.996941896,0.628742515
0.995475113,0.142857143
0.996941896,0.99713467
0.163265306,1
0.152173913,1
0.194444444,0.995169082
0.179487179,1
0.14516129,0.157303371
0.152173913,0.703448276
0.936936937,1
0.193548387,0.99378882
0.559352518,1
0.241299304,0.342342342
0.996941896,1
0.161290323,0.992932862
0.161290323,1
0.183606557,1
0.408536585,0.17000364
0.557939914,0.891891892
0.933333333,1
0.177358491,0.222222222
0.220930233,1
0.447552448,0.202247191
0.412639405,0.997122302
0.414414414,1
0.157303371,0.80239521
0.480357143,1
0.162790698,0.169014085
0.161290323,0.297766749
0.139784946,0.160305344
0.133333333,1
0.206060606,1
0.424332344,0.153846154
0.18487395,0.995215311
0.333333333,1
0.377118644,1
0.157894737,0.177419355
0.205128205,1
0.147058824,0.980769231
0.983471074,1
0.214285714,0.151162791
0.16,0.151785714
0.133333333,0.161290323
0.455813953,0.517571885
0.139534884,1
0.193452381,1
0.455813953,1
0.14,1
0.154545455,0.211111111
0.132075472,0.73880597
0.158730159,0.389655172
0.206060606,0.979020979
0.194244604,0.216216216
0.217391304,0.833333333
0.192982456,0.808823529
0.161290323,0.305186972
0.157894737,0.980769231
0.848214286,0.354166667
0.144927536,0.162162162
0.148387097,1
0.137931034,0.992307692
0.229219144,0.144927536
0.156862745,0.142857143
0.291044776,1
0.166666667,0.477876106
1,1
0.567857143,1
0.175,0.746701847
0.479262673,0.178571429
0.935135135,1
1,0.782477341
0.152777778,0.203007519
0.416,0.176470588
0.166666667,0.175438596
0.443418014,1
0.485294118,1
0.151832461,1
0.166666667,0.150943396
0.25862069,1
0.190265487,0.135135135
0.148148148,1
0.14,0.144230769
0.173076923,1
0.193548387,0.993650794
0.514880952,0.178571429
0.174603175,1
0.162162162,1
0.812356979,1
1,1
0.233128834,0.998130841
0.163636364,0.939393939
0.153846154,0.142857143
0.22265625,1
0.163934426,1
0.1625,1
0.504201681,0.216216216
0.172413793,0.266666667
0.215328467,0.221568627
1,0.175438596
0.554216867,1
0.176258993,0.128205128
0.408602151,1
0.159574468,1
0.252314815,0.137931034
0.166666667,0.97979798
0.239631336,1
0.697674419,0.98989899
0.534883721,1
0.162790698,1
0.381578947,1
0.194444444,0.134615385
0.588516746,1
0.148148148,0.162162162
0.181818182,0.991735537
0.157142857,0.989761092
0.14516129,0.671641791
0.935135135,0.425531915
0.152173913,1
0.414342629,0.834042553
0.177419355,1
0.166666667,0.233333333
0.167192429,0.156626506
0.413793103,1
0.331818182,0.151515152
0.2,0.6421875
0.820276498,1
0.148148148,0.197368421
1,0.722222222
0.587155963,0.142857143
0.183050847,1
0.128205128,0.193548387
0.16091954,0.173913043
0.502293578,1
0.166666667,0.996904025
0.92173913,0.181818182
0.1625,1
0.231231231,0.861111111
0.298701299,0.538666667
0.184848485,1
0.151515152,1
0.151515152,1
0.868312757,1
0.454965358,1
0.133333333,1
0.147058824,0.993710692
0.261363636,0.189189189
0.16,1
0.200729927,0.447963801
0.455813953,0.610062893
0.15,1
0.176470588,1
1,1
0.224852071,0.147058824
0.14516129,1
0.180811808,0.159663866
0.996941896,1
0.18,0.971098266
0.456876457,0.171428571
0.2,0.230769231
0.410958904,1
1,0.98989899
0.203065134,0.25093633
0.155172414,0.148148148
0.14893617,0.549048316
0.603174603,1
0.508403361,0.133333333
0.177777778,1
1,0.998751561
0.669201521,1
0.155172414,1
0.902350814,0.996835443
0.173076923,1
0.161290323,0.993421053
0.140350877,0.180327869
0.151162791,0.217391304
0.405405405,0.316069057
0.178988327,1
0.14028777,1
0.476415094,1
0.258181818,0.151515152
0.138297872,1
0.995975855,0.208333333
0.162790698,0.163043478
0.444444444,0.96969697
0.166666667,0.150684932
0.161290323,0.175438596
0.247706422,0.2
0.157894737,1
0.415137615,1
0.350364964,1
0.185185185,0.82
0.669201521,0.998352554
0.192307692,1
0.447004608,0.168831169
0.164179104,1
0.151515152,0.765217391
0.140243902,0.184466019
0.336283186,0.354609929
0.198113208,1
0.40530303,0.142857143
0.166666667,1
0.139240506,1
0.153846154,1
0.193548387,0.15
0.215976331,0.612590799
0.218518519,1
0.247311828,0.132352941
0.133333333,1
0.196428571,0.698717949
0.492307692,0.141025641
1,1
0.196078431,1
0.497287523,0.149253731
0.628701595,0.137931034
1,1
0.227810651,0.77037037
0.152173913,0.984076433
0.443418014,1
0.203883495,1
0.338095238,0.137931034
0.156862745,1
0.151515152,0.984924623
0.290398126,1
0.239631336,0.162790698
0.161290323,1
0.169139466,1
0.234615385,1
0.178571429,0.155172414
0.137254902,0.492592593
0.162962963,0.735849057
0.166666667,0.53021978
0.655172414,1
0.176470588,1
0.184466019,0.96969697
0.486111111,0.995614035
0.168582375,0.176470588
0.204152249,1
0.235023041,1
0.965853659,0.210884354
0.176470588,0.362637363
0.147058824,1
0.18556701,0.96969697
0.185185185,0.175438596
0.172413793,1
0.19,1
0.151515152,1
0.56097561,1
0.164383562,1
0.166666667,0.629090909
0.189189189,1
0.366972477,1
1,1
0.13592233,1
0.959349593,0.888086643
0.182509506,1
0.965853659,1
0.138888889,1
0.282352941,0.166666667
0.193548387,1
0.154205607,1
0.160714286,1
1,1
0.462311558,0.193548387
0.15,1
0.239631336,0.2
0.935135135,0.336633663
0.176470588,0.140186916
0.191570881,0.372781065
0.162790698,1
0.585271318,0.970684039
0.183333333,0.162790698
0.218045113,0.630573248
0.170138889,0.142857143
1,1
0.192592593,0.148648649
1,1
0.215686275,0.701897019
0.239631336,0.241830065
0.493150685,0.175438596
0.42662116,0.175438596
0.190647482,0.166666667
0.28125,0.160714286
0.189189189,0.144578313
0.153284672,0.2
0.14,0.998029557
0.166666667,0.144230769
0.147058824,1
0.152173913,0.176470588
0.140350877,0.636363636
0.936936937,0.147058824
0.346698113,0.135135135
0.273062731,0.137254902
0.578947368,1
0.203747073,1
0.276978417,0.176470588
0.144444444,0.541284404
0.156862745,0.297766749
0.14028777,1
0.142857143,1
0.148648649,0.150943396
0.144927536,0.358885017
0.992248062,1
0.16730038,1
0.246212121,0.387931034
0.152173913,0.984313725
1,1
0.145454545,0.163636364
0.173144876,1
0.212244898,0.155172414
0.176470588,0.186046512
0.166666667,1
0.151515152,0.98989899
0.457711443,0.134615385
0.16,0.984732824
0.162162162,0.987804878
0.429133858,0.148648649
0.158730159,0.98989899
0.44212963,1
0.151162791,0.981132075
0.193995381,1
0.995454545,0.161290323
0.133333333,1
1,0.163636364
0.184615385,0.576687117
0.151515152,1
0.132075472,0.181818182
0.161290323,1
0.210526316,0.147058824
0.214285714,0.995726496
0.166666667,0.163043478
0.223529412,1
0.995454545,1
0.233128834,1
0.199541284,0.889285714
0.339622642,0.968253968
0.152173913,0.996666667
0.509389671,0.970684039
0.688995215,1
0.184210526,1
0.176470588,1
0.189189189,0.178571429
0.188191882,0.992337165
0.134146341,1
0.189189189,0.189189189
0.249097473,0.15
0.186602871,0.884892086
0.153846154,0.171428571
0.16,0.25
0.146067416,0.774154589
0.161616162,0.814516129
0.445475638,0.98989899
0.166666667,0.914454277
1,0.206489676
0.236024845,0.211111111
0.817351598,0.99122807
0.262962963,1
0.166666667,0.936813187
0.988372093,1
0.166666667,1
0.185714286,0.995726496
0.17791411,1
0.158415842,0.535714286
0.922661871,0.401069519
0.854901961,0.193548387
0.669201521,1
0.152173913,1
0.191780822,1
0.563405797,0.978417266
0.464912281,1
0.189922481,1
0.173333333,0.161290323
0.155555556,1
0.18993135,0.178571429
0.2,1
0.299334812,0.151162791
1,0.152173913
0.140350877,0.151515152
0.373015873,0.175438596
0.178571429,0.163636364
0.350194553,1
0.148148148,0.552752294
0.333333333,0.152542373
0.369747899,0.816176471
0.166666667,0.172413793
0.158682635,1
0.231231231,0.150943396
0.275862069,0.159574468
0.151515152,0.163934426
0.173780488,1
0.244813278,1
0.995215311,0.541284404
0.181818182,1
0.173333333,0.225806452
0.148648649,1
0.153846154,0.98989899
0.144329897,0.183333333
0.162162162,1
0.231012658,0.414035088
0.148148148,1
0.987804878,1
0.995983936,0.465909091
0.194444444,1
0.166666667,0.259504132
0.222222222,1
0.600775194,1
0.151515152,0.145658263
0.163265306,0.361702128
0.199233716,1
0.151515152,0.179775281
0.935135135,0.994505495
0.156862745,0.175438596
0.195652174,0.181818182
0.183333333,1
0.816901408,0.163934426
0.175438596,1
0.151515152,1
0.189189189,0.995495495
0.206060606,1
0.157575758,0.98989899
0.208955224,1
1,0.216216216
0.172661871,0.166666667
0.334851936,0.995192308
0.151515152,1
0.164670659,1
0.142857143,0.401913876
0.161290323,0.189189189
0.251162791,1
0.16,0.998751561
0.173144876,0.153846154
0.201550388,0.162162162
0.203125,0.166666667
0.974193548,1
0.141762452,1
0.624031008,1
0.482435597,0.989304813
0.147058824,1
0.226327945,0.147540984
0.568807339,0.626728111
0.170212766,0.552752294
0.153846154,1
0.580952381,0.161290323
0.528455285,0.16
0.147540984,1
0.290398126,1
0.204705882,1
0.147435897,0.263636364
0.154205607,1
0.138297872,1
0.150442478,0.189655172
0.177700348,1
0.470873786,1
0.212837838,1
0.198501873,1
0.14516129,0.161764706
0.148648649,0.530973451
0.333333333,0.142857143
0.16730038,1
0.141509434,0.15
0.157894737,0.156862745
0.995215311,0.894736842
0.194139194,0.147058824
0.14893617,1
0.162790698,0.15
0.185185185,0.169811321
0.269090909,1
0.510510511,0.98989899
0.243902439,0.166666667
0.189349112,1
0.410958904,0.171717172
0.162790698,0.880636605
0.157407407,0.624584718
0.170149254,1
0.148648649,1
0.144927536,0.145833333
0.156862745,1
0.171875,0.580952381
0.144927536,1
0.152173913,1
0.580952381,0.149253731
0.142857143,0.142857143
0.251732102,0.25
0.162162162,0.137254902
0.206060606,0.203007519
0.183333333,1
0.166666667,1
0.175,0.203883495
0.234756098,0.171428571
0.176470588,1
0.155172414,0.166666667
0.157258065,1
0.741666667,0.152542373
0.14516129,0.144444444
0.214285714,0.14507772
0.178571429,0.151162791
0.166666667,0.728021978
0.169811321,0.359116022
0.166666667,0.797979798
0.189189189,1
0.48,0.399159664
0.414414414,1
0.239631336,1
0.139534884,0.993464052
0.219814241,1
0.251162791,0.919191919
0.148148148,0.832
0.518796992,0.404624277
0.317829457,0.210526316
0.246987952,1
0.669201521,0.165137615
0.472477064,0.163636364
0.173076923,0.157894737
0.251162791,1
0.251082251,0.283018868
0.603846154,1
0.161290323,1
0.272030651,1
0.610983982,0.161290323
0.23297491,1
0.56294964,1
0.192592593,0.144578313
0.478431373,1
0.195804196,1
0.205761317,0.152380952
0.184210526,1
0.162790698,1
0.272727273,0.543577982
0.203703704,1
0.268235294,1
0.2,0.45823389
0.138888889,0.985
0.224683544,1
0.48,1
0.166666667,0.986666667
0.170212766,0.981481481
0.151975684,0.162790698
0.455813953,0.160305344
0.176470588,0.177419355
0.188405797,0.146341463
0.56238698,0.169811321
0.178571429,1
0.317647059,1
0.206060606,0.993103448
0.152173913,0.630573248
0.294663573,0.97979798
0.572992701,0.162162162
0.757847534,0.97979798
0.148648649,0.160714286
0.171171171,0.243986254
0.992818671,0.205882353
0.215053763,0.339920949
0.148148148,0.137254902
0.151515152,1
0.176470588,0.995697383
0.168421053,1
0.948598131,0.153846154
0.580952381,1
0.844327177,0.166666667
0.243986254,1
0.161290323,0.193548387
0.203703704,0.782819117
0.572992701,0.98989899
0.148648649,1
0.632882883,1
0.177419355,0.361702128
0.208333333,0.166666667
0.157303371,0.140350877
0.149425287,0.153846154
0.161904762,1
0.172413793,0.350194553
0.817351598,0.162162162
0.161290323,0.738317757
0.159159159,1
0.624489796,0.993442623
0.353846154,0.541284404
0.148648649,1
0.1875,1
0.2,1
0.142857143,1
0.157894737,1
0.3515625,1
0.14,0.140350877
0.693277311,0.171428571
0.148648649,1
0.216346154,0.998194946
0.161290323,0.155172414
0.820276498,0.993710692
0.512605042,0.834042553
0.580952381,0.803030303
0.828703704,0.508333333
0.25,1
0.134328358,1
0.234513274,0.652866242
0.291044776,1
1,1
1,1
0.303664921,0.134615385
0.192592593,0.794788274
0.395061728,1
0.182926829,0.146186441
0.152173913,0.158730159
0.149253731,1
0.25,0.987551867
0.412639405,1
0.166666667,0.162162162
0.154929577,0.540540541
0.15,0.165997811
0.215328467,0.152173913
0.146341463,0.144736842
0.16918429,1
0.155172414,0.141025641
1,1
0.154798762,1
0.214574899,1
0.193548387,0.137931034
0.166666667,1
0.268585132,0.171428571
0.173780488,0.155555556
1,0.134615385
0.814814815,1
0.176258993,0.158730159
0.166666667,1
0.171875,1
0.688995215,0.147540984
0.333333333,0.98989899
0.97752809,0.140350877
0.14,0.148148148
0.412639405,0.965237543
0.161290323,0.98989899
0.180327869,1
0.15,1
0.154798762,0.157894737
0.178571429,1
0.178571429,1
0.444839858,0.146341463
0.449612403,0.14516129
1,1
0.981651376,0.161764706
0.14516129,1
0.290398126,0.337979094
0.193548387,1
0.18,0.785074627
0.202416918,0.38362069
0.996941896,0.679878049
0.162790698,1
0.554517134,0.690607735
0.193548387,0.208333333
0.197492163,0.161290323
0.151515152,0.148148148
0.18556701,0.172839506
0.251162791,0.148148148
0.172222222,1
0.176470588,0.40652819
0.153846154,1
0.32745098,0.161764706
0.282460137,0.539370079
0.189189189,0.4066103
0.233128834,1
0.340909091,1
0.168582375,1
0.191729323,0.483253589
0.230538922,0.812356979
0.183673469,0.144067797
0.453917051,0.300084531
0.489552239,0.159663866
0.208333333,0.145631068
0.933628319,0.598591549
0.1625,0.996197719
0.166666667,0.477876106
0.153846154,0.137566138
0.512,0.993442623
0.156862745,0.297766749
0.166666667,1
0.152777778,0.181818182
0.162162162,0.997607656
0.164179104,1
0.149425287,0.166666667
0.179487179,0.998021761
0.162790698,0.652968037
0.138888889,0.170212766
0.142857143,0.158730159
0.173076923,0.759825328
1,0.228813559
0.805555556,0.179104478
0.162162162,1
0.669201521,0.161290323
0.169811321,1
0.16091954,0.35989011
0.148648649,1
0.171717172,1
0.166666667,0.146341463
0.163934426,1
0.2,1
1,0.627722772
0.251162791,0.985594238
0.150793651,0.156626506
0.133333333,1
0.166666667,1
0.148148148,0.1375
0.156862745,1
0.166666667,1
0.340314136,0.997767857
0.177419355,0.141025641
0.16,0.162162162
0.162790698,1
0.155172414,1
0.155797101,0.151515152
1,1
0.220417633,0.916030534
0.30859375,0.173913043
1,0.157894737
1,0.98989899
0.2,1
0.167857143,0.1875
0.443418014,0.131578947
0.577981651,0.15
0.425837321,0.541353383
0.631460674,1
0.153846154,1
0.138888889,1
0.48045977,0.466942149
0.157894737,0.404255319
0.138888889,0.63507109
0.140350877,1
0.243902439,1
0.160714286,1
0.155172414,1
0.146788991,0.186046512
0.147540984,0.411347518
0.817351598,0.914772727
0.334532374,1
0.167272727,1
0.937743191,0.147540984
0.56238698,1
0.367816092,0.206642066
0.177358491,0.160714286
0.189189189,0.134615385
0.151515152,1
0.226337449,0.996632997
0.375464684,1
0.156862745,0.1640625
0.161290323,0.153846154
0.14,0.993006993
0.166666667,1
0.194656489,0.205882353
0.23364486,0.208047945
0.282352941,1
0.152173913,1
0.189655172,1
0.155172414,0.174468085
0.192307692,0.827664399
1,0.98989899
0.138888889,1
0.652892562,1
0.161290323,1
0.193548387,1
0.134328358,0.681992337
0.148648649,0.468986384
0.217391304,1
0.14516129,1
0.14516129,0.161290323
0.55234657,0.379310345
0.155172414,0.977198697
0.215686275,0.152173913
0.217391304,1
0.995975855,1
0.161290323,1
0.144927536,0.140350877
0.168421053,1
0.153846154,0.186297152
0.156862745,1
0.166666667,0.702608696
0.25862069,0.125
0.291187739,0.98989899
0.246511628,0.134615385
0.704081633,0.146341463
0.588516746,0.352
0.193548387,1
0.213483146,0.205673759
0.194444444,0.1375
0.154929577,0.161764706
0.189189189,0.151898734
0.688995215,1
0.297297297,0.9
0.339920949,0.16
0.159638554,0.388349515
0.233128834,0.155172414
0.133333333,0.992337165
0.386792453,1
0.160714286,0.162790698
0.162162162,0.137931034
0.171779141,0.780254777
0.166666667,0.546
0.151515152,0.154929577
0.226244344,1
0.215231788,0.149253731
0.239631336,0.286821705
0.152173913,0.97979798
0.14893617,0.141304348
0.163636364,1
0.709016393,0.179104478
0.590361446,0.158730159
0.253846154,0.14507772
0.338582677,0.16
0.181818182,0.291338583
0.201793722,1
0.574561404,0.131782946
0.233128834,0.161290323
0.956616052,1
0.151515152,1
0.171253823,0.134615385
0.1875,1
0.145833333,0.865979381
0.996941896,0.198473282
0.176470588,1
0.160714286,0.159663866
0.817351598,0.149253731
0.163934426,0.99382716
0.161290323,1
0.188087774,1
0.166666667,1
0.512,1
0.443418014,1
0.169811321,0.443396226
,1
,1
,0.14
,0.330935252
,1
,1
,0.164179104
,1
,0.151260504
,1
,1
,0.601648352
,0.162162162
,0.977777778
,0.175438596
,0.98989899
,0.163636364
,0.178217822
,0.135135135
,0.884378844
,1
,0.512195122
,0.153846154
,0.652892562
,0.993865031
,1
,1
,0.138461538
,0.239130435
,0.144927536
,0.194444444
,0.137254902
,0.8
,0.533910534
,0.464944649
,1
,1
,0.25
,0.257142857
,0.171052632
,1
,1
,0.365122616
,1
,0.97979798
,0.814516129
,0.144067797
,1
,0.98989899
,1
,0.27027027
,0.181818182
,0.645308924
,0.138888889
,1
,0.228682171
,1
,0.34006734
,1
,1
,0.304878049
,1
,1
,0.153846154
,0.166666667
,1
,1
,1
,1
,0.360970677
,0.922382671
,0.316069057
,0.146341463
,0.165137615
,0.297029703
,1
,1
,0.165289256
,0.153225806
,1
,0.225852273
,0.301886792
,0.211538462
,0.203125
,1
,0.99382716
,1
,0.175438596
,0.147727273
,0.166666667
,0.162790698
,0.985148515
,1
,1
,0.16
,1
,0.983870968
,1
,1
,0.616504854
,0.163636364
,0.961139896
,0.216216216
,1
,0.568281938
,1
,1
,0.997652582
,1
,0.276470588
,0.992395437
,0.982905983
,0.162162162
,0.153846154
,0.514376997
,1
,0.816384181
,1
,1
,1
,0.504531722
,1
,0.162162162
,1
,0.15
,0.998029557
,1
,0.155172414
,0.166666667
,1
,0.385628743
,0.153846154
,1
,0.221910112
,1
,1
,1
,1
,1
,0.151162791
,1
,1
,0.157142857
,0.140350877
,0.966357309
,1
,0.136645963
,1
,0.177316294
,1
,0.991452991
,0.187134503
,1
,0.199376947
,0.25093633
,1
,0.147058824
,1
,0.138888889
,0.166666667
,1
,1
,1
,0.15
,0.140350877
,1
,0.998211091
,0.145833333
,0.166666667
,1
,1
,1
,1
,1
,1
,1
,1
,0.387323944
,0.995726496
,0.146341463
,1
,0.149253731
,1
,0.163934426
,1
,0.929292929
,1
,0.702608696
,1
,0.287671233
,0.9
,1
,1
,1
,1
,1
,0.195652174
,0.152173913
,1
,1
,1
,0.147058824
,0.162162162
,0.893333333
,1
,0.878787879
,0.192982456
,0.142857143
,0.816384181
,1
,0.154761905
,0.172413793
,0.172413793
,0.98989899
,1
,0.978873239
,1
,1
,1
,1
,1
,1
,1
,0.161290323
,0.151260504
,1
,0.142857143
,0.171875
,1
,0.126582278
,0.152777778
,1
,0.222222222
,0.323275862
,1
,1
,1
,1
,0.686746988
,0.996632997
,0.142857143
,1
,1
,0.606666667
,0.171428571
,1
,0.166666667
,0.149253731
,1
,0.128712871
,1
,0.97979798
,0.399408284
,1
,1
,1
,1
,0.142857143
,0.98989899
,0.846456693
,0.152542373
,1
,1
,0.814516129
,1
,0.996197719
,0.986644407
,0.99197861
,1
,1
,0.161764706
,0.157303371
,1
,0.999014778
,0.16
,0.148148148
,1
,0.73255814
,1
,0.17000364
,1
,1
,0.148648649
,0.98989899
,0.664122137
,1
,0.878787879
,0.316069057
,1
,1
,0.171428571
,0.617021277
,1
,0.161764706
,1
,0.142857143
,0.175
,1
,0.684824903
,0.162162162
,0.149122807
,1
,1
,0.977198697
,0.147540984
,1
,0.171052632
,0.992395437
,0.165137615
,0.994397759
,0.175438596
,0.99122807
,0.144444444
,1
,0.891891892
,1
,1
,1
,1
,1
,0.151898734
,1
,0.99382716
,0.15
,0.140350877
,0.160714286
,0.814393939
,0.560934891
,0.180451128
,1
,1
,0.264
,1
,0.161290323
,1
,0.194444444
,0.281481481
,0.839572193
,0.824742268
,0.993442623
,0.152542373
,0.153846154
,0.193548387
,0.183333333
,0.98989899
,1
,0.437810945
,1
,0.144444444
,0.131578947
,1
,0.262773723
,0.246548323
,1
,1
,0.146341463
,1
,1
,0.181818182
,1
,1
,1
,0.171052632
,0.166666667
,0.225181598
,1
,0.175438596
,0.312195122
,0.656
,0.160714286
,0.315625
,0.206422018
,1
,0.98989899
,0.171171171
,0.153061224
,0.282258065
,1
,1
,1
,1
,1
,0.442307692
,1
,1
,1
,1
,0.196078431
,1
,0.162790698
,0.9
,1
,0.554404145
,1
,0.157894737
,0.741935484
,0.995726496
,0.773462783
,0.166666667
,1
,0.175438596
,1
,1
,1
,1
,0.193548387
,0.222222222
,1
,1
,0.163265306
,1
,1
,1
,0.162162162
,0.149425287
,0.162162162
,0.128205128
,1
,0.154929577
,0.586956522
,1
,0.161290323
,0.15
,0.976510067
,0.157894737
,1
,0.6918429
,0.992125984
,0.99122807
,1
,0.828571429
,0.359861592
,1
,1
,0.993485342
,0.163636364
,0.773972603
,0.535211268
,0.148148148
,1
,0.931034483
,0.2
,1
,0.164179104
,0.169230769
,0.157142857
,0.131578947
,0.176470588
,0.15
,1
,0.917159763
,1
,0.993442623
,0.777292576
,0.834042553
,0.98989899
,1
,0.226950355
,0.171052632
,1
,0.164179104
,0.163043478
,1
,1
,0.189189189
,0.960725076
,0.761047463
,0.47826087
,0.996402878
,1
,1
,0.59347181
,0.489702517
,1
,0.966527197
,0.360655738
,1
,1
,0.525581395
,0.659722222
,0.384615385
,1
,1
,0.527938343
,0.148148148
,0.221428571
,0.586666667
,1
,1
,1
,1
,1
,1
,0.321799308
,0.597674419
,0.997142857
,0.247706422
,0.403636364
,1
,0.529636711
,1
,1
,1
,0.18
,0.394636015
,0.291845494
,1
,0.73553719
,1
,0.159292035
,0.142857143
,0.490990991
,1
,0.33201581
,1
,1
,0.558441558
,0.990610329
,1
,0.852873563
,1
,0.379310345
,0.64664311
,0.164179104
,1
,0.151515152
,0.976744186
,1
,1
,0.220689655
,0.976534296
,0.162162162
,1
,0.990291262
,0.174418605
,1
,1
,0.64028777
,0.135802469
,0.402877698
,0.679633867
,0.529069767
,0.766423358
,1
,0.411764706
,0.364661654
,0.550200803
,1
,0.506944444
,0.155555556
,0.996389892
,1
,0.152173913
,1
,0.572580645
,0.586698337
,0.347169811
,0.998207885
,0.142857143
,0.331147541
,0.754587156
,0.192825112
,1
,1
,1
,1
,0.619217082
,1
,0.339622642
,1
,0.360869565
,1
,0.278745645
,0.412844037
,0.296943231
,1
,1
,1
,0.350393701
,0.177419355
,0.142857143
,0.178571429
,0.168421053
,0.534749035
,1
,0.51953125
,0.852348993
,0.169491525
,1
,0.220720721
,0.193548387
,0.218045113
,0.396694215
,1
,0.801075269
,0.273489933
,0.997142857
,0.679633867
,0.186440678
,0.162162162
,0.495454545
,0.144736842
,1
,0.162162162
,1
,1
,0.214285714
,0.58490566
,0.541033435
,0.56294964
,1
,0.138888889
,0.285714286
,0.136986301
,0.99765808
,0.259259259
,0.238244514
,0.210526316
,0.41314554
,1
,0.227424749
,0.220720721
,0.149253731
,0.51954023
,0.528528529
,0.534749035
,0.791262136
,1
,0.173076923
,0.996409336
,0.166666667
,0.21875
,0.300675676
,0.659722222
,0.141304348
,0.136986301
,0.797814208
,0.153846154
,0.164179104
,0.177419355
,1
,1
,0.410646388
,0.297297297
,1
,0.454545455
,0.181818182
,0.398467433
,0.5
,0.312727273
,0.456818182
,0.206642066
,0.403921569
,1
,0.996124031
,1
,0.161290323
,0.24742268
,0.548165138
,0.831018519
,1
,0.402930403
,0.632786885
,1
,0.593023256
,0.232323232
,0.205128205
,0.967164179
,0.459090909
,0.342629482
,1
,0.535714286
,0.992322457
,0.249343832
,0.311258278
,0.473067916
,1
,0.484251969
,0.61423221
,0.623015873
,1
,1
,0.342629482
,0.99691358
,0.233576642
,0.737931034
,1
,0.5234375
,0.958990536
,1
,0.623015873
,0.170403587
,1
,0.997987928
,1
,0.204620462
,0.601532567
,1
,0.550200803
,0.139344262
,0.586666667
,0.15
,1
,0.904761905
,0.315789474
,0.171875
,0.398523985
,1
,0.152671756
,1
,0.625954198
,0.732758621
,1
,1
,0.163636364
,1
,0.723140496
,0.326589595
,0.272463768
,0.730964467
,0.492907801
,0.823943662
,0.637010676
,1
,0.568627451
,1
,1
,1
,0.447619048
,0.414342629
,0.684824903
,1
,0.738317757
,0.586666667
,1
,1
,1
,0.166666667
,1
,0.548165138
,0.992857143
,0.854237288
,0.150943396
,0.148837209
,0.728744939
,1
,0.19047619
,0.347169811
,0.23659306
,0.48018648
,1
,1
,0.155172414
,0.155172414
,0.181818182
,0.144927536
,1
,0.563405797
,0.43003413
,0.136986301
,0.653333333
,0.140350877
,0.671009772
,0.990697674
,1
,0.640569395
,1
,1
,0.659259259
,0.350943396
,0.99734748
,0.208998549
,0.53875969
,0.277992278
,1
,0.21875
,1
,1
,0.740740741
,0.194444444
,0.230283912
,0.397321429
,0.529636711
,0.735849057
,1
,0.20212766
,0.364864865
,0.220720721
,0.558441558
,1
,1
,0.166666667
,0.613793103
,0.147540984
,0.621247113
,0.549689441
,0.161290323
,0.984126984
,1
,0.184931507
,1
,1
,0.341365462
,0.304878049
,0.410852713
,0.57038835
,1
,1
,0.249249249
,0.592261905
,1
,0.629976581
,1
,1
,0.282700422
,0.321428571
,1
,1
,0.87745098
,0.552419355
,1
,1
,1
,0.648584906
,1
,0.189655172
,0.524137931
,0.993630573
,0.624521073
,0.205387205
,0.989864865
,0.145833333
,0.39245283
,1
,0.171875
,0.997826087
,0.775462963
,0.183486239
,1
,0.659722222
,1
,0.597744361
,0.872611465
,0.179372197
,1
,0.991397849
,0.984126984
,0.567073171
,0.933797909
,1
,0.324137931
,1
,1
,0.488425926
,1
,1
,0.837962963
,1
,0.801075269
,0.415313225
,0.787946429
,0.627586207
,0.155172414
,0.338624339
,0.411764706
,0.297202797
,1
,1
,0.181818182
,0.405204461
,0.768608414
,0.154929577
,0.171875
,1
,0.627586207
,1
,0.149253731
,1
,0.46975089
,0.158730159
,0.350393701
,1
,1
,0.135802469
,0.178571429
,0.996415771
,1
,1
,1
,0.990909091
,0.854237288
,1
,0.153846154
,0.344
,0.164705882
,1
,0.356321839
,0.717213115
,0.533333333
,0.513761468
,0.377289377
,0.243816254
,0.263888889
,0.442396313
,0.368421053
,1
,1
,0.600775194
,1
,0.627586207
,0.410358566
,0.690751445
,0.14516129
,1
,0.548165138
,0.147540984
,1
,1
,1
,0.817204301
,1
,0.351428571
,0.56097561
,0.136363636
,1
,0.309248555
,0.147368421
,0.240208877
,1
,0.997354497
,0.162162162
,1
,0.268292683
,1
,0.984536082
,0.189189189
,0.162962963
,1
,1
,1
,0.627586207
,0.398268398
,1
,0.173913043
,1
,0.157894737
,0.629757785
,0.514150943
,0.145833333
,0.991304348
,0.177272727
,0.186440678
,0.940397351
,1
,0.171428571
,0.214285714
,1
,1
,1
,0.148148148
,0.164179104
,0.519685039
,0.769607843
,0.474056604
,1
,0.148514851
,0.727272727
,0.641577061
,1
,0.990853659
,0.270627063
,0.296137339
,0.633451957
,0.501385042
,0.286052009
,0.411242604
,0.62248996
,0.562929062
,0.162162162
,0.533589251
,1
,0.70412844
,1
,0.676744186
,0.991957105
,0.558035714
,0.684331797
,0.990697674
,0.199535963
,0.605633803
,0.339285714
,0.85
,0.449541284
,1
,0.995283019
,1
,0.554245283
,0.191637631
,0.993174061
,0.984126984
,1
,0.247232472
,0.624573379
,1
,1
,0.526418787
,1
,0.532687651
,0.144927536
,0.53875969
,0.525641026
,0.278877888
,0.900398406
,0.1375
,0.39184953
,0.465034965
,0.972286374
,0.554347826
,0.709897611
,0.845771144
,1
,0.787946429
,0.391304348
,0.993957704
,0.888888889
,1
,0.529292929
,1
,0.249343832
,1
,0.960784314
,0.147540984
,1
,0.757575758
,1
,1
,1
,1
,0.834733894
,0.418867925
,1
,0.193548387
,0.153846154
,1
,0.194029851
,1
,0.131578947
,1
,0.861861862
